"1","中国四川海顿建材有限公司","090126-835-786-201","431803199611172595","苗敬康","湖南省长沙市石佛营路与朝阳北路交叉口西北角串通店内","13302610805","0517-30536020","四川海顿建材有限公司","","新经济组织和新社会组织“两新”组织中的党员","2013-09-11","2014-05-10","中共湖南省湘潭市金塔县委员会","2014-08-06"
"2","中国成华区深广洁具经营部","090153-279-290-430","351219197408296346","鲁娅兰","上海市毛纺西小区旁","13801367602","0936-46624637","成华区深广洁具经营部","","离退休党员","2015-08-18","2016-02-16","中共福建省三明市临泽县委员会","2016-05-11"
"3","中国成都炬烽钢铁有限公司","090166-859-788-276","221302199004055596","莫锦丹","重庆市站前北街","13802756177","0576-95597528","成都炬烽钢铁有限公司","","村改居”社区党员","2013-11-25","2014-09-03","中共吉林省松原市路桥区委员会","2014-11-02"
"4","中国贵阳昌威商贸有限公司","090141-309-774-819","230811199711087438","甄霄馥","北京市双榆树北里榆苑公寓","13607178073","0736-37443484","贵阳昌威商贸有限公司","","教育战线上的党员","2014-12-31","2015-09-16","中共黑龙江省伊春市安宁区委员会","2015-12-01"
"5","中国天津市松立工贸有限公司北京办事处","090174-111-712-979","311403199209163892","霍伯保","江苏省扬州市吕家营餐饮街30号","13006411681","0518-99638086","天津市松立工贸有限公司北京办事处","","新经济组织和新社会组织“两新”组织中的党员","2013-10-19","2014-11-05","中共上海市镇原县委员会","2015-01-11"
"6","中国上海中南建筑材料公司","090186-579-613-568","461418197707247469","贾莉","北京市毛纺西小区旁","15208163575","0936-87576743","上海中南建筑材料公司","","村改居”社区党员","2014-12-24","2015-12-05","中共海南省海口市瓜州县委员会","2016-04-29"
"7","中国北京市顺达丰泰机电经销部","090115-880-337-909","360514197804126313","雷荔","湖北省鄂州市南环路53号悦荟万科广场B1","15808497796","0737-27509857","北京市顺达丰泰机电经销部","","街道班子党员领导干部","2015-11-01","2016-07-10","中共江西省赣州市椒江区委员会","2016-11-25"
"8","中国上海天力实业有限公司武汉办事处","090149-696-146-468","320626198710028124","邱翔波","北京市南环路53号悦荟万科广场B1","15705766848","0452-48302934","上海天力实业有限公司武汉办事处","","离退休党员","2015-06-10","2016-05-20","中共江苏省无锡市安吉县委员会","2016-08-21"
"9","中国金达丰五金工具灯饰锁业电器","090150-651-404-589","330922198509114060","廉影","山西省大同市崇文门外大街国瑞购物中心3F西南","15203564237","0349-48861424","金达丰五金工具灯饰锁业电器","","街道班子党员领导干部","2014-08-09","2015-02-09","中共浙江省杭州市密云县委员会","2015-06-28"
"10","中国北京宏亚环奥建材有限公司","090126-898-870-605","210901197207058527","卞瑶","贵州省遵义市南环路53号悦荟万科广场B1","13108133128","0578-84888603","北京宏亚环奥建材有限公司","","教育战线上的党员","2014-01-26","2014-05-27","中共辽宁省沈阳市青田县委员会","2014-07-19"
"11","中国大连众恒电力电子有限公司","090184-527-567-988","330923199211129882","王康若","湖北省荆州市砖厂南里33号楼3层","15505904588","0570-13772702","大连众恒电力电子有限公司","","新经济组织和新社会组织“两新”组织中的党员","2015-03-24","2016-04-01","中共浙江省丽水市长兴县委员会","2016-07-11"
"12","中国天津市万方彩钢板厂","090150-750-655-456","140827198312064645","蒋家","天津市良乡镇北潞园小区","15700953798","0356-19462216","天津市万方彩钢板厂","","村改居”社区党员","2016-07-01","2016-11-26","中共山西省晋城市黄岩区委员会","2017-04-21"
"13","中国海口龙华磐石石料加工厂","090191-128-310-528","441714198403036571","何霭媛","辽宁省辽阳市北京朝阳区光华路soho219","13305634961","0791-92094013","海口龙华磐石石料加工厂","","离退休党员","2016-04-11","2016-08-07","中共广东省广州市七里河区委员会","2016-12-19"
"14","中国山西汇世天勤保温材料有限公司","090167-252-128-146","411701198608259009","徐江","黑龙江省哈尔滨市马连洼北路15号","13106013502","0472-86974480","山西汇世天勤保温材料有限公司","","非“村改居”社区中的党员","2014-11-27","2015-03-18","中共河南省周口市西湖区 委员会","2015-07-08"
"15","中国南昌市青云谱惠军安消防器材经营中心","090161-716-370-236","411514199209303574","夏策","山东省枣庄市十八里店周庄嘉园C区4号院西门北200米","15205966285","0429-74928941","南昌市青云谱惠军安消防器材经营中心","","街道班子党员领导干部","2016-02-15","2017-01-30","中共河南省安阳市苍南县委员会","2017-05-02"
"16","中国佛山赛尼洁具有限公司","090193-120-150-655","530303199004217517","沈滢","天津市古城小街8号","15802757311","0591-37919940","佛山赛尼洁具有限公司","","街道机关党员","2014-07-20","2014-11-29","中共云南省玉溪市崇文区委员会","2015-03-20"
"17","中国唐山陶瓷厂成都办事处","090190-873-719-944","411522197209292524","白心鸣","海南省海口市建国路93号万达广场16号楼103室","15908151101","0792-23729398","唐山陶瓷厂成都办事处","","街道班子党员领导干部","2016-01-20","2016-09-04","中共河南省安阳市江干区委员会","2016-11-01"
"18","中国北京宏源兴诚商贸有限公司","090144-812-666-196","511010197001244339","丁晨","北京市朝阳路八里庄东里1号莱锦a区3号楼03a","13604172742","0591-78872783","北京宏源兴诚商贸有限公司","","离退休党员","2015-12-13","2017-01-07","中共四川省广元市甘州区委员会","2017-03-26"
"19","中国北京阳光创奇体育设施有限公司","090127-245-701-553","220606197208245091","卢雅","四川省攀枝花市毛纺西小区旁","13900635689","0318-25364900","北京阳光创奇体育设施有限公司","","新经济组织和新社会组织“两新”组织中的党员","2014-07-06","2014-11-01","中共吉林省白城市定海区委员会","2015-03-11"
"20","中国贵州成丰达电缆桥架有限公司","090192-610-559-258","371111198712095270","俞华桂","湖北省鄂州市站前街8号院","15306510629","0319-90887775","贵州成丰达电缆桥架有限公司","","村改居”社区党员","2014-08-14","2015-04-16","中共山东省济南市瓜州县委员会","2015-07-10"
"21","中国天津弘道志远商贸有限公司","090195-435-292-525","311509198409093697","陈叶","湖北省随州市花园路8号","15708718275","0411-11181641","天津弘道志远商贸有限公司","","村改居”社区党员","2015-01-31","2015-06-13","中共上海市静宁县委员会","2015-09-17"
"22","中国四川同一科技发展有限公司","090174-476-448-974","501008198904181719","贾凝琳","贵州省六盘水市崇文门外大街国瑞购物中心3F西南","13000967231","0527-28887793","四川同一科技发展有限公司","","非“村改居”社区中的党员","2013-08-14","2014-04-12","中共重庆市环县委员会","2014-07-15"
"23","中国贵州瑞华塑胶有限公司","090120-359-685-281","330305199506129569","郑佳","江西省新余市东四北大街甲82-1号","13902202778","0415-55614693","贵州瑞华塑胶有限公司","","村改居”社区党员","2014-03-10","2014-10-12","中共浙江省金华市龙湾区委员会","2015-01-25"
"24","中国成都兴中航制冷设备工程有限公司","090181-154-824-618","411806198609143441","毛朋","天津市农业大学西校区","15504138634","0546-71168630","成都兴中航制冷设备工程有限公司","","教育战线上的党员","2014-06-14","2014-12-24","中共河南省安阳市天台县委员会","2015-02-22"
"25","中国济南辰联电子有限公司","090115-899-166-320","140816197412128759","吴艳艺","重庆市回龙观镇北清路1号院8号楼底商","13107210579","0415-31463149","济南辰联电子有限公司","","街道班子党员领导干部","2014-12-13","2015-11-17","中共山西省阳泉市城关区委员会","2016-02-12"
"26","中国武汉市三金陶瓷股份有限公司","090161-420-368-642","370612197705205843","谭菁滢","甘肃省武威市万寿路君安写字楼","13007360729","0523-60136078","武汉市三金陶瓷股份有限公司","","事业单位和市、区驻街道单位党员","2013-12-20","2014-05-07","中共山东省东营市通渭县委员会","2014-08-02"
"27","中国广西南宁奥力奥金属有限公司","090146-270-620-948","221416199012225163","杜聪","江苏省无锡市田村路京粮广场2楼","13300378566","0452-11829183","广西南宁奥力奥金属有限公司","","非“村改居”社区中的党员","2013-11-27","2014-05-22","中共吉林省通化市皋兰县委员会","2014-08-07"
"28","中国四川东进节能玻璃有限公司","090170-917-706-645","141109199904172779","云桂筠","上海市东直门内大街10号楼-3号","13607942302","0793-66448970","四川东进节能玻璃有限公司","","教育战线上的党员","2016-06-18","2016-09-30","中共山西省晋城市景泰县委员会","2016-12-20"
"29","中国九江科华照明电器实业有限公司","090183-776-979-373","121712197508262659","林滢倩","天津市东直门内大街10号楼-3号","13907616616","0475-61698650","九江科华照明电器实业有限公司","","街道机关党员","2014-02-03","2014-10-29","中共天津市崇信县委员会","2015-03-19"
"30","中国泰州市高港区金凌体育器材制造厂","090123-373-498-589","111417197810072303","程锦希","云南省保山市回龙观龙禧三街东亚上北北侧底商14-19","15907710527","023-25734348","泰州市高港区金凌体育器材制造厂","","离退休党员","2014-09-05","2015-02-17","中共北京市金东区委员会","2015-05-03"
"31","中国九江现代良友实业有限公司","090120-920-601-197","371424197110158153","喻磊顺","海南省三亚市长辛店东三坡三里58号","15901496723","0482-37199627","九江现代良友实业有限公司","","街道班子党员领导干部","2014-06-17","2014-10-10","中共山东省烟台市常山县委员会","2014-12-02"
"32","中国四川始丰成套电器设备有限公司","090197-285-203-525","461717199102036555","陶嘉慧","北京市北京朝阳区光华路soho219","13406160927","0573-23503067","四川始丰成套电器设备有限公司","","医疗卫生单位党员","2013-11-03","2014-12-05","中共海南省海口市定海区委员会","2015-02-07"
"33","中国四川省天祥照明有限公司","090179-852-313-426","330611198803086978","顾德群","河北省廊坊市望京小街望京商业中心F座","13800633160","0737-83033024","四川省天祥照明有限公司","","医疗卫生单位党员","2015-04-21","2015-10-09","中共浙江省嘉兴市合水县委员会","2015-12-25"
"34","中国温州市龙湾沙城家榜电器厂","090152-816-394-792","110503198603211953","路娣娜","辽宁省大连市神路街39号","13106297577","0574-73823035","温州市龙湾沙城家榜电器厂","","街道班子党员领导干部","2016-03-29","2017-03-30","中共北京市怀柔区委员会","2017-06-12"
"35","中国温州市万航电器厂","090116-716-729-161","411316198306149828","蔡岚","广东省珠海市陈家林2号盈实大厦向西150米","15903696564","0474-18769044","温州市万航电器厂","","新经济组织和新社会组织“两新”组织中的党员","2014-02-27","2014-09-17","中共河南省开封市龙游县委员会","2014-11-22"
"36","中国合肥市顺昌电磁加热科技发展有限公司","090114-283-969-642","430407197602181822","曹政","北京市亮甲店桥头亮甲店路美怡汽车服务有限公司亮甲店分公司隔壁","15007835900","0417-37673632","合肥市顺昌电磁加热科技发展有限公司","","离退休党员","2014-10-03","2015-02-17","中共湖南省株洲市南浔区委员会","2015-05-04"
"37","中国必凯威(北京)建筑材料有限公司","090157-306-844-901","440707198602077592","路成健","北京市昌崔路北邵洼地铁","13000797307","0570-11009393","必凯威(北京)建筑材料有限公司","","新经济组织和新社会组织“两新”组织中的党员","2015-02-19","2016-01-11","中共广东省揭阳市靖远县委员会","2016-04-02"
"38","中国南昌华泰硅橡胶制品有限公司","090165-488-730-785","510606199111305555","常士勇","河南省开封市广顺南大街悠乐汇610号楼107室","13204614409","0478-36652883","南昌华泰硅橡胶制品有限公司","","街道机关党员","2014-06-16","2014-10-18","中共四川省成都市缙云县委员会","2014-12-12"
"39","中国安平县泰尔利卫浴有限公司","090114-482-209-950","500514197811041324","廉思","重庆市十八里店周庄嘉园C区4号院西门北200米","15807695015","0456-86407846","安平县泰尔利卫浴有限公司","","街道班子党员领导干部","2013-11-23","2014-12-18","中共重庆市永昌县委员会","2015-02-21"
"40","中国山西汇世天勤保温材料有限公司","090137-354-688-307","340115197003181929","万英","辽宁省大连市广顺北大街六佰本商业街","15701472246","0415-79518497","山西汇世天勤保温材料有限公司","","事业单位和市、区驻街道单位党员","2015-02-16","2015-08-15","中共安徽省淮南市南湖区委员会","2015-10-10"
"41","中国济南红鹦鹉环保科技有限公司","090147-434-410-989","130413198004243568","管琬妍","江苏省南京市文华西路赵记蜜制烤翅旁","15902427920","0315-51733093","济南红鹦鹉环保科技有限公司","","新经济组织和新社会组织“两新”组织中的党员","2014-05-19","2015-06-22","中共河北省承德市武山县委员会","2015-11-14"
"42","中国瑞典摩曼壁纸贵州专卖店","090166-447-927-971","320407198010246741","周磊元","贵州省安顺市马连洼北路15号","13903607965","0734-64452753","瑞典摩曼壁纸贵州专卖店","","新经济组织和新社会组织“两新”组织中的党员","2015-06-14","2016-06-16","中共江苏省镇江市浦江县委员会","2016-11-12"
"43","中国江西联信大市场丰华物资批发部","090176-435-398-561","111023198811121135","罗芬","重庆市七星东街七星园11号","13004427139","0736-70545962","江西联信大市场丰华物资批发部","","离退休党员","2013-07-16","2014-05-26","中共北京市石景山区委员会","2014-07-15"
"44","中国江西省润邦化工有限责任公司","090122-204-319-385","220307199207102508","左纯","安徽省蚌埠市来广营乡红军营村53号","15105236784","0312-76157789","江西省润邦化工有限责任公司","","村改居”社区党员","2015-10-19","2016-02-06","中共吉林省辽源市鹿城区委员会","2016-04-18"
"45","中国九江现代良友实业有限公司","090190-832-218-847","120620197009041586","郝芬春","河北省邢台市东直门内大街15-7号","13302617080","0515-30622774","九江现代良友实业有限公司","","离退休党员","2014-11-18","2015-07-09","中共天津市金东区委员会","2015-09-19"
"46","中国沈阳金德管业集团贵阳分公司","090155-696-202-880","231023199611302243","窦保山","山西省阳泉市立汤路186号龙德广场5层","15300403111","0937-11615280","沈阳金德管业集团贵阳分公司","","非“村改居”社区中的党员","2015-11-21","2016-06-05","中共黑龙江省齐齐哈尔市松阳县委员会","2016-08-21"
"47","中国济南金科通经贸有限公司","090138-976-803-666","420524197812264078","董翰东","重庆市开放路113号南四层609室","13104300134","0310-36833438","济南金科通经贸有限公司","","医疗卫生单位党员","2014-08-03","2014-12-16","中共湖北省鄂州市灵台县委员会","2015-04-20"
"48","中国郑州中原应用技术公司南宁分公司","090124-753-224-643","461201197206163109","邓琬琰","安徽省蚌埠市花园路8号","15204107197","0353-18647246","郑州中原应用技术公司南宁分公司","","离退休党员","2013-11-21","2014-08-02","中共海南省三亚市山丹县委员会","2014-11-07"
"49","中国黑龙江鑫龙钢化玻璃厂","090163-672-203-924","420401198311166579","陆锦爱","重庆市文慧园西路内100米","13401184788","0313-22598410","黑龙江鑫龙钢化玻璃厂","","医疗卫生单位党员","2016-06-12","2017-04-27","中共湖北省武汉市西城区委员会","2017-09-04"
"50","中国武汉铂海电气有限公司","090175-559-300-656","411526199905087408","姜林","上海市大屯路华夏良子向东路口右转","13001023163","0794-10911779","武汉铂海电气有限公司","","街道班子党员领导干部","2015-03-08","2016-01-16","中共河南省开封市苍南县委员会","2016-03-29"
"51","中国天津市六通风机厂","090122-589-143-505","460823199208084825","戴聪","湖南省郴州市永旺国际商城","15903003794","0577-81522111","天津市六通风机厂","","村改居”社区党员","2015-10-26","2016-10-12","中共海南省海口市环县委员会","2017-03-08"
"52","中国武汉鑫丰强电气有限公司","090118-912-507-792","530711198608172490","阮竹","山西省忻州市广顺南大街悠乐汇610号楼107室","15301690208","0511-21882987","武汉鑫丰强电气有限公司","","医疗卫生单位党员","2014-07-10","2015-08-06","中共云南省丽江市衢江区委员会","2015-11-06"
"53","中国黑龙江奥德尔集团苗木基地","090162-405-864-887","460121198505088713","龚瑶洁","江西省上饶市七星东街七星园11号","13607200066","0799-91844685","黑龙江奥德尔集团苗木基地","","街道机关党员","2015-04-22","2015-10-08","中共海南省三亚市常山县委员会","2015-12-25"
"54","中国哈尔滨晟宇科技开发有限公司","090138-521-579-691","210415197612126296","季达","山东省东营市来广营乡红军营村53号","15606430713","0939-19058337","哈尔滨晟宇科技开发有限公司","","非“村改居”社区中的党员","2014-06-16","2014-10-10","中共辽宁省大连市秦州区委员会","2015-02-25"
"55","中国大连市建筑防水材料厂","090151-200-141-293","530810197511224766","史璧晶","安徽省亳州市红霞中路北京荣源兴业水站旁","13105661693","0477-61666053","大连市建筑防水材料厂","","离退休党员","2014-09-22","2015-04-07","中共云南省保山市宁海县委员会","2015-07-11"
"56","中国青岛海尔家居集成股份有限公司北京分公司","090155-686-364-178","370128197711197261","范琰筠","天津市马连洼北路15号","13004051304","0575-79908498","青岛海尔家居集成股份有限公司北京分公司","","事业单位和市、区驻街道单位党员","2015-07-20","2016-05-15","中共山东省枣庄市三门县委员会","2016-09-11"
"57","中国广州碧非控制系统有限公司","090145-290-504-406","220402199308202120","钱红","山西省阳泉市站前北街","15605401024","0599-25567173","广州碧非控制系统有限公司","","离退休党员","2014-11-03","2015-05-04","中共吉林省辽源市石景山区委员会","2015-09-16"
"58","中国郑州中原应用技术公司南宁分公司","090167-916-903-145","310308199402257778","沈贞悦","四川省德阳市砖厂南里33号楼3层","15804320603","0575-61048020","郑州中原应用技术公司南宁分公司","","村改居”社区党员","2014-08-16","2015-09-11","中共上海市门头沟区委员会","2016-01-16"
"59","中国武钢集团汉阳机械厂","090174-716-130-987","421018197506208600","范信","湖北省鄂州市广顺北大街六佰本商业街","13900891906","0452-30863093","武钢集团汉阳机械厂","","街道班子党员领导干部","2015-12-25","2016-09-25","中共湖北省随州市武义县委员会","2017-01-27"
"60","中国雄县亚润塑料制品有限公司","090126-968-703-409","430619198705072243","贾安","重庆市永旺国际商城","15805287654","025-66839692","雄县亚润塑料制品有限公司","","街道班子党员领导干部","2015-01-08","2015-04-25","中共湖南省株洲市缙云县委员会","2015-07-09"
"61","中国南昌长运白云电器经销部","090120-136-796-302","110807199812217180","周福行","重庆市立汤路与立军路交汇处西南角","13205332044","0311-13535568","南昌长运白云电器经销部","","教育战线上的党员","2014-10-26","2015-03-07","中共北京市开化县委员会","2015-06-20"
"62","中国南昌高新技术产业开发区昌东飞虎塑胶厂","090120-542-561-561","460223198707117624","司毓","上海市塔营北街北双桥村村委会西行10米","13305584829","0546-40115156","南昌高新技术产业开发区昌东飞虎塑胶厂","","事业单位和市、区驻街道单位党员","2014-06-21","2014-11-10","中共海南省海口市西湖区 委员会","2015-03-21"
"63","中国天津市金动能源技术有限责任公司","090134-287-742-526","511215197803035724","齐有豪","山东省济南市砖厂南里33号楼3层","15600235992","0474-45667927","天津市金动能源技术有限责任公司","","医疗卫生单位党员","2014-08-25","2015-04-08","中共四川省绵阳市南湖区委员会","2015-07-28"
"64","中国华明通风设备经营部","090157-504-319-192","330901197207272061","冯福楠","重庆市西六环路永安社区东门旁","15908783531","0314-90213470","华明通风设备经营部","","街道机关党员","2014-12-29","2015-11-30","中共浙江省嘉兴市宁海县委员会","2016-03-29"
"65","中国北京旭能阳光科技有限公司","090126-376-158-184","130426198204138191","祁善军","山东省威海市望京商业中心中庭广场F座109","15304953796","0635-27419749","北京旭能阳光科技有限公司","","街道机关党员","2014-06-18","2015-04-06","中共河北省邯郸市华亭县委员会","2015-06-11"
"66","中国贵阳世纪星文泰健身器材厂","090155-307-597-967","531026197706214424","窦思德","陕西省咸阳市朝阳路八里庄东里1号莱锦a区3号楼03a","13906790633","0745-10153200","贵阳世纪星文泰健身器材厂","","非“村改居”社区中的党员","2013-12-15","2014-04-25","中共云南省丽江市通渭县委员会","2014-08-12"
"67","中国成都永亨塑业有限公司","090151-143-509-780","210824198809017982","戚艳","浙江省湖州市昌崔路北邵洼地铁","15201616540","0744-20068870","成都永亨塑业有限公司","","事业单位和市、区驻街道单位党员","2014-12-29","2015-08-18","中共辽宁省鞍山市秀洲区委员会","2015-12-11"
"68","中国济南忠诚塑料制品有限公司","090160-206-578-526","410524198808225240","张梁昌","四川省成都市石佛营路与朝阳北路交叉口西北角串通店内","15706440890","0472-68781169","济南忠诚塑料制品有限公司","","街道班子党员领导干部","2013-11-03","2014-11-10","中共河南省周口市通渭县委员会","2015-04-05"
"69","中国平安家园五金商行","090187-887-860-354","120701198002189106","蔡强茂","天津市望京小街望京商业中心F座","13205425554","0734-27565463","平安家园五金商行","","村改居”社区党员","2014-06-18","2014-10-21","中共天津市金东区委员会","2014-12-27"
"70","中国四川始丰成套电器设备有限公司","090194-840-897-385","521520199101232759","廉泰树","山西省太原市陆港城商业步行街内104-105号","13805981985","0591-32301418","四川始丰成套电器设备有限公司","","非“村改居”社区中的党员","2014-04-23","2014-12-20","中共贵州省安顺市秦州区委员会","2015-03-15"
"71","中国上海通用机电集团","090150-440-309-648","120719199111092860","任悦媛","山西省太原市广安门外车站西街一号院底商","13905101586","0475-79167351","上海通用机电集团","","街道机关党员","2016-05-30","2017-07-03","中共天津市新昌县委员会","2017-11-14"
"72","中国江口县元利商贸有限公司","090148-880-168-311","460112198602266208","俞月娣","贵州省六盘水市大栅栏西街88号","15908301608","0421-78426768","江口县元利商贸有限公司","","街道班子党员领导干部","2015-12-27","2016-07-08","中共海南省海口市环县委员会","2016-10-18"
"73","中国中科天宇金属材料(北京)有限公司","090147-680-245-554","500706198808146856","鲁友福","山西省大同市望京商业中心中庭广场F座109","13004121710","023-95966164","中科天宇金属材料(北京)有限公司","","医疗卫生单位党员","2016-01-27","2016-09-30","中共重庆市缙云县委员会","2017-02-18"
"74","中国四川东泰新材料科技有限公司武汉办事处","090171-797-407-374","340509198409159653","韦瑗融","上海市窦店镇瓦窑头夹克的虾房山店","15207416568","0794-54224213","四川东泰新材料科技有限公司武汉办事处","","医疗卫生单位党员","2016-02-29","2017-03-26","中共安徽省阜阳市甘谷县委员会","2017-05-19"
"75","中国天津市叶兹化工技术有限公司","090122-418-596-686","460601198002265765","魏壮","天津市石佛营路与朝阳北路交叉口西北角串通店内","13907622970","0738-91791629","天津市叶兹化工技术有限公司","","村改居”社区党员","2014-03-31","2014-12-12","中共海南省海口市路桥区委员会","2015-05-06"
"76","中国温州市龙湾天河贵宾电器厂","090157-503-856-601","461209199002082606","蓝君","重庆市百子湾后现代城门口环岛北50米","13104332319","0512-15354275","温州市龙湾天河贵宾电器厂","","新经济组织和新社会组织“两新”组织中的党员","2016-01-16","2016-10-10","中共海南省三亚市椒江区委员会","2017-02-13"
"77","中国恒远照明配送中心-飞利浦","090143-672-447-800","221515197107048034","汪天","湖北省鄂州市昌崔路北邵洼地铁","15705768425","0701-88975688","恒远照明配送中心-飞利浦","","非“村改居”社区中的党员","2015-09-05","2016-02-22","中共吉林省通化市上城区 委员会","2016-05-19"
"78","中国成都雷克星科冷却设备有限公司","090154-365-386-228","460221197104171279","邢平","天津市朝阳北路青年汇104号楼底商102","15906932381","0471-78843201","成都雷克星科冷却设备有限公司","","非“村改居”社区中的党员","2014-05-21","2015-03-05","中共海南省三亚市清水县委员会","2015-05-18"
"79","中国南宁市宝利吉装饰工程有限公司","090169-988-231-913","220912199905175051","丁亮","上海市回龙观新龙城北街北区15号龙虾33私房菜","13801353690","0349-60786683","南宁市宝利吉装饰工程有限公司","","教育战线上的党员","2014-07-25","2015-08-12","中共吉林省辽源市青田县委员会","2015-11-05"
"80","中国深圳建华宇装饰工程有限公司","090160-733-754-689","511203198704131143","严璐","重庆市复兴路五棵松乐视体育生态中心内华熙live097商铺","13505104013","0511-66187579","深圳建华宇装饰工程有限公司","","非“村改居”社区中的党员","2014-06-17","2015-04-18","中共四川省攀枝花市武山县委员会","2015-08-21"
"81","中国武钢集团汉阳机械厂","090111-945-186-897","410608198108027643","童之","天津市北七家镇燕城苑南区","13302257405","0531-81213941","武钢集团汉阳机械厂","","新经济组织和新社会组织“两新”组织中的党员","2015-09-06","2016-09-25","中共河南省漯河市淳安县委员会","2017-01-22"
"82","中国平安家园五金商行","090110-878-103-477","421806197404281938","车彩娜","重庆市华远好天地商业中心37号楼3层301室","13701275676","0417-34664157","平安家园五金商行","","医疗卫生单位党员","2014-02-12","2015-01-24","中共湖北省鄂州市红古区委员会","2015-03-17"
"83","中国哈尔滨鸿海钢材销售有限公司","090119-899-901-642","350223196909206489","江菊","上海市陈家林2号盈实大厦向西150米","15600192872","0793-89805524","哈尔滨鸿海钢材销售有限公司","","教育战线上的党员","2016-02-03","2016-11-12","中共福建省福州市西城区委员会","2017-03-13"
"84","中国北京创世鸿锦科技发展有限公司","090114-240-609-865","531818199310274456","高倩","云南省昭通市回龙观西大街9号 东亚上北 北侧底商16-10","13907357679","0516-48252266","北京创世鸿锦科技发展有限公司","","村改居”社区党员","2016-05-03","2016-12-03","中共云南省昭通市岱山县委员会","2017-04-28"
"85","中国哈尔滨亿斯特科技开发有限公司","090153-713-439-828","441110198607013776","汤思影","北京市百子湾后现代城门口环岛北50米","13402542346","0531-22242213","哈尔滨亿斯特科技开发有限公司","","街道机关党员","2013-11-11","2014-08-19","中共广东省佛山市甘州区委员会","2014-12-23"
"86","中国济南奥强商贸有限公司","090131-743-967-618","441708199009091953","甘纨叶","陕西省渭南市北七家镇燕城苑南区","15000313590","0471-17268542","济南奥强商贸有限公司","","街道班子党员领导干部","2016-04-04","2016-12-02","中共广东省揭阳市庆城县委员会","2017-02-11"
"87","中国人民电器集团成都销售处","090196-338-146-380","341620197410289638","余丹","上海市大栅栏西街88号","15805065735","0573-89131912","人民电器集团成都销售处","","村改居”社区党员","2015-09-22","2016-10-15","中共安徽省芜湖市吴兴区委员会","2017-02-03"
"88","中国天津市昊佳电子技术有限公司","090185-618-940-526","120711197406209356","石功","甘肃省酒泉市来广营乡红军营村53号","15202310836","0518-66023243","天津市昊佳电子技术有限公司","","村改居”社区党员","2015-11-21","2016-06-26","中共天津市磐安县委员会","2016-10-21"
"89","中国宁波兆亿弱电工程有限公司","090198-442-522-703","461311198808182450","袁芸纯","天津市礼贤街西口往东100米路北","13206643576","0475-97629511","宁波兆亿弱电工程有限公司","","村改居”社区党员","2015-11-14","2016-07-22","中共海南省海口市庄浪县委员会","2016-09-10"
"90","中国福隆兴管业有限公司","090163-135-179-155","131819196910063572","石天航","山东省枣庄市悦邻生活服务广场幸福超市一层底商","15603210032","0575-68337723","福隆兴管业有限公司","","离退休党员","2013-09-07","2014-05-26","中共河北省石家庄市滨江区委员会","2014-08-25"
"91","中国宏伟彩色水泥制品厂","090171-675-400-281","310303198511222318","潘梅","天津市双花园南里三区23号楼103室","13702222402","0352-15613349","宏伟彩色水泥制品厂","","非“村改居”社区中的党员","2013-09-15","2013-12-28","中共上海市拱墅区委员会","2014-04-23"
"92","中国天津市金动能源技术有限责任公司","090180-556-868-374","120623198209189768","苗振朋","甘肃省庆阳市运河西大街葛布店北里141号果园环岛东侧200米","13805971463","0452-89772011","天津市金动能源技术有限责任公司","","街道机关党员","2014-10-01","2015-10-21","中共天津市鄞州区委员会","2016-03-01"
"93","中国怡农园艺有限公司","090193-924-654-887","521524196910108847","戴寒","上海市良乡镇北潞园小区","15002935918","0795-59222185","怡农园艺有限公司","","新经济组织和新社会组织“两新”组织中的党员","2015-03-30","2015-11-19","中共贵州省安顺市柯城区委员会","2016-02-01"
"94","中国金达丰五金工具灯饰锁业电器","090116-562-851-288","340907197611175282","龚有","河北省保定市花园路8号","13901374356","0351-87518247","金达丰五金工具灯饰锁业电器","","村改居”社区党员","2015-09-23","2016-10-03","中共安徽省亳州市房山区委员会","2017-01-29"
"95","中国重庆益欣建材有限公司","090160-381-900-831","110612197302269813","熊力","上海市复兴路五棵松乐视体育生态中心内华熙live097商铺","15902094363","0933-41154491","重庆益欣建材有限公司","","事业单位和市、区驻街道单位党员","2015-08-16","2016-06-10","中共北京市崇文区委员会","2016-09-09"
"96","中国泰州市高港区金凌体育器材制造厂","090157-912-845-320","430906198202017839","龚和清","重庆市长辛店东三坡三里58号","13802471779","0429-38967873","泰州市高港区金凌体育器材制造厂","","教育战线上的党员","2016-01-16","2016-12-27","中共湖南省郴州市新昌县委员会","2017-02-18"
"97","中国南昌长运白云电器经销部","090129-650-620-500","360816198001086777","毕敬","上海市大栅栏西街88号","15804635589","0572-31637494","南昌长运白云电器经销部","","村改居”社区党员","2014-12-14","2015-10-26","中共江西省南昌市甘谷县委员会","2016-01-07"
"98","中国贵阳福控自动化科技有限公司","090196-358-709-951","460620198711034105","乐豪利","天津市永旺国际商城","15000507105","0517-71013480","贵阳福控自动化科技有限公司","","新经济组织和新社会组织“两新”组织中的党员","2013-11-21","2014-10-07","中共海南省海口市庆元县委员会","2015-01-21"
"99","中国成都市鹏达照明工程部","090174-796-475-694","440212198808127551","韩影","湖北省宜昌市塔营北街北双桥村村委会西行10米","15803614278","0470-84797323","成都市鹏达照明工程部","","教育战线上的党员","2013-11-19","2014-08-20","中共广东省揭阳市路桥区委员会","2014-11-25"
"100","中国济南忠诚塑料制品有限公司","090182-374-348-874","320612199803161932","路丹","上海市文华西路赵记蜜制烤翅旁","15902052154","0931-32767464","济南忠诚塑料制品有限公司","","街道机关党员","2015-12-16","2016-09-26","中共江苏省连云港市宁县委员会","2016-11-21"
"101","中国昆明市五华区警群安全器材科技经营部","090169-655-614-970","341103199211123806","喻黛颖","北京市东直门内大街10号楼-3号","13402515447","0355-14769524","昆明市五华区警群安全器材科技经营部","","街道机关党员","2016-01-28","2017-02-01","中共安徽省合肥市瓯海区委员会","2017-04-13"
"102","中国绿精灵地板株洲专卖店","090154-196-447-302","351619199302187023","平茜佳","四川省绵阳市七星东街七星园11号","13304162625","0472-12127693","绿精灵地板株洲专卖店","","事业单位和市、区驻街道单位党员","2015-02-22","2016-01-11","中共福建省厦门市武义县委员会","2016-03-15"
"103","中国天津市TOTO卫浴有限公司","090124-823-575-378","141519197512082464","甄瑾","重庆市花园路8号","15201282909","024-61685823","天津市TOTO卫浴有限公司","","非“村改居”社区中的党员","2014-06-13","2015-01-04","中共山西省长治市缙云县委员会","2015-05-12"
"104","中国三立灯饰公司","090159-200-140-537","221425198007305251","周辰轮","北京市丽园路彩虹新城小区北门东侧","13501937848","0701-97188813","三立灯饰公司","","教育战线上的党员","2015-05-06","2016-04-15","中共吉林省辽源市延庆县委员会","2016-07-09"
"105","中国贵州欣天阳光电科技有限公司","090113-727-858-968","331509199509047347","常悦","天津市南环路53号悦荟万科广场B1","15103518989","0790-62582518","贵州欣天阳光电科技有限公司","","非“村改居”社区中的党员","2015-02-02","2015-08-07","中共浙江省绍兴市靖远县委员会","2015-12-31"
"106","中国北京华琪软通技术有限公司","090130-554-524-185","430905198602091830","梅勤春","上海市东四北大街甲82-1号","13208447611","0472-97794893","北京华琪软通技术有限公司","","教育战线上的党员","2013-11-02","2014-08-23","中共湖南省长沙市昌平区委员会","2014-12-23"
"107","中国郑州安嘉电子科技有限公司","090157-226-468-711","230121199804285599","尹园茜","天津市盘营沟路首城国际22号楼","15902431859","0523-45525931","郑州安嘉电子科技有限公司","","村改居”社区党员","2014-02-01","2014-07-14","中共黑龙江省鸡西市玉环县委员会","2014-12-07"
"108","中国重庆耐仕阀门有限公司","090162-421-490-515","511703198407263192","程竹","贵州省安顺市北京丰台区临泓路1号","13004912371","0319-71081727","重庆耐仕阀门有限公司","","事业单位和市、区驻街道单位党员","2016-03-26","2016-07-26","中共四川省绵阳市上城区 委员会","2016-11-16"
"109","中国济南槐荫清华太阳能厂","090171-100-891-194","321610197209266861","季娥","北京市窦店镇瓦窑头夹克的虾房山店","15505962316","0731-79911621","济南槐荫清华太阳能厂","","教育战线上的党员","2016-07-11","2017-03-03","中共江苏省苏州市临泽县委员会","2017-07-19"
"110","中国洛阳石化宏达塑业","090167-442-217-432","141012199803089943","邹磊","山东省泰安市朝阳公园路好运街B12商铺","15600806978","0473-80242441","洛阳石化宏达塑业","","医疗卫生单位党员","2014-10-10","2015-07-15","中共山西省阳泉市宁县委员会","2015-10-02"
"111","中国成都亚盟线缆有限公司","090140-827-641-117","141006199002084360","季翰邦","湖北省鄂州市红霞中路北京荣源兴业水站旁","15503590432","0936-17399592","成都亚盟线缆有限公司","","事业单位和市、区驻街道单位党员","2014-07-21","2015-03-05","中共山西省大同市会宁县委员会","2015-05-17"
"112","中国浙江双环塑胶阀门有限公司成都办","090157-178-298-747","371202198705125800","段邦","上海市双花园南里三区23号楼103室","13404075756","0599-49136251","浙江双环塑胶阀门有限公司成都办","","非“村改居”社区中的党员","2016-06-14","2016-12-02","中共山东省潍坊市普陀区委员会","2017-03-27"
"113","中国深圳市联泰一帆电子科技有限公司","090138-816-196-183","221620198101043422","柳旭","广东省揭阳市垂杨柳中街6号楼西侧平房","13601381622","0470-97066678","深圳市联泰一帆电子科技有限公司","","村改居”社区党员","2016-03-28","2017-03-29","中共吉林省辽源市环县委员会","2017-07-13"
"114","中国中山市古镇希妮照明门市部","090113-536-576-776","121026199812163365","田蓉黛","北京市垂杨柳中街6号楼西侧平房","13700563780","0471-95524396","中山市古镇希妮照明门市部","","村改居”社区党员","2013-11-17","2014-05-23","中共天津市武义县委员会","2014-10-13"
"115","中国圣象卫浴贵阳专卖店","090146-709-965-856","231512197509253994","姜萍婉","贵州省安顺市百子湾路易构空间对面","13003503620","0936-57988482","圣象卫浴贵阳专卖店","","新经济组织和新社会组织“两新”组织中的党员","2014-07-30","2015-02-09","中共黑龙江省牡丹江市海淀区委员会","2015-05-25"
"116","中国武强县精创仪器仪表厂","090136-345-530-267","220917199312202007","吴霭","湖北省荆州市朝阳公园路好运街B12商铺","13704687097","0335-44685393","武强县精创仪器仪表厂","","村改居”社区党员","2014-01-22","2014-07-18","中共吉林省白山市莲都区委员会","2014-09-28"
"117","中国北京千住消防器材有限公司","090174-163-528-778","460512199603273164","伏冰苑","上海市窦店镇瓦窑头夹克的虾房山店","13503176709","0474-43841696","北京千住消防器材有限公司","","村改居”社区党员","2014-09-08","2015-02-13","中共海南省海口市江干区委员会","2015-05-13"
"118","中国济南亿源太阳能开发中心","090134-717-900-400","330211198208267319","姚泽","山西省晋城市欣宁街15号荟聚购物中心2楼","15003377784","0511-86361122","济南亿源太阳能开发中心","","离退休党员","2016-01-02","2016-07-19","中共浙江省丽水市椒江区委员会","2016-10-08"
"119","中国武汉市三金陶瓷股份有限公司","090176-146-998-603","411317199811216729","苏启","安徽省蚌埠市东北旺苗圃厂部一区平房23号","13407858449","0355-30303501","武汉市三金陶瓷股份有限公司","","教育战线上的党员","2014-06-06","2014-09-23","中共河南省安阳市宁海县委员会","2014-12-10"
"120","中国南宫恒信毛皮制品有限公司","090119-331-866-246","310809197703099002","陶宜","贵州省安顺市望京小街望京商业中心F座","13704428726","0731-81651591","南宫恒信毛皮制品有限公司","","新经济组织和新社会组织“两新”组织中的党员","2014-11-09","2015-07-29","中共上海市浦江县委员会","2015-10-10"
"121","中国成都兴三台泵业有限公司","090179-608-305-602","210612198008273843","齐宁鸣","重庆市吕家营餐饮街30号","15303342401","0932-73885928","成都兴三台泵业有限公司","","离退休党员","2014-04-10","2014-09-19","中共辽宁省大连市灵台县委员会","2014-12-19"
"122","中国重庆市沙坪坝区美恒洁具厂","090148-825-121-462","130119199808079151","梁育","广东省佛山市亦庄荣昌东街地铁站旁","13104840081","0470-33645294","重庆市沙坪坝区美恒洁具厂","","教育战线上的党员","2013-08-15","2014-03-10","中共河北省唐山市海盐县委员会","2014-07-13"
"123","中国贵阳协和商贸有限责任公司","090188-810-225-332","341302199404069179","陈俊","辽宁省营口市河荫中路3号","13302190492","0356-81355168","贵阳协和商贸有限责任公司","","事业单位和市、区驻街道单位党员","2016-05-14","2016-09-23","中共安徽省合肥市普陀区委员会","2016-12-17"
"124","中国四川华夏特种玻璃工程有限公司","090137-338-569-415","211321198408196380","殷冰婷","山东省烟台市回龙观龙禧三街东亚上北北侧底商14-19","15606930520","0798-91674890","四川华夏特种玻璃工程有限公司","","事业单位和市、区驻街道单位党员","2015-06-10","2015-11-14","中共辽宁省大连市靖远县委员会","2016-03-23"
"125","中国山东鑫丹利物资有限公司","090117-130-137-552","320205198712038466","史瑞","陕西省西安市东直门内大街5号楼（6）","13307591756","0313-60092412","山东鑫丹利物资有限公司","","教育战线上的党员","2015-12-20","2016-07-19","中共江苏省扬州市玉环县委员会","2016-11-08"
"126","中国北京壹图照明科技发展中心","090175-674-646-115","511303198304182959","阮宏","湖南省株洲市北七家镇燕城苑南区","15105243710","0456-30149210","北京壹图照明科技发展中心","","教育战线上的党员","2014-12-26","2015-04-22","中共四川省成都市安吉县委员会","2015-08-11"
"127","中国武汉诺克美佳商贸有限公司","090119-366-595-655","431314197306024606","唐融影","天津市良乡镇北潞园小区","13003515233","0318-82815161","武汉诺克美佳商贸有限公司","","医疗卫生单位党员","2013-08-02","2014-03-07","中共湖南省岳阳市西城区委员会","2014-06-14"
"128","中国重庆普永科技发展有限公司","090145-814-670-818","501415197710062956","倪榕","云南省丽江市开放路113号南四层609室","13705050283","0519-15444333","重庆普永科技发展有限公司","","新经济组织和新社会组织“两新”组织中的党员","2016-03-14","2017-02-10","中共重庆市武山县委员会","2017-06-13"
"129","中国奥米茄陶瓷大庆专卖","090119-580-511-302","321018198909225522","伏巧姬","河北省邯郸市北青云路青云小区对面","13906972645","0523-87464263","奥米茄陶瓷大庆专卖","","事业单位和市、区驻街道单位党员","2013-12-28","2014-11-12","中共江苏省扬州市永登县委员会","2015-04-07"
"130","中国章丘市鑫发石材厂","090184-527-718-860","331311199903123570","诸洁","北京市古城小街8号","15608082647","0931-40378701","章丘市鑫发石材厂","","街道班子党员领导干部","2013-12-10","2014-04-01","中共浙江省湖州市鄞州区委员会","2014-07-18"
"131","中国贝谷科技股份有限公司","090146-517-917-290","320415198006286187","云星","海南省海口市甜水园东街道家园甲6号","13004617958","0411-93785513","贝谷科技股份有限公司","","医疗卫生单位党员","2013-08-27","2014-09-06","中共江苏省扬州市清水县委员会","2014-12-16"
"132","中国北京欧德汇依木房屋有限公司","090165-786-639-149","140915197105045719","田娥","福建省厦门市复兴路五棵松乐视体育生态中心内华熙live097商铺","13408377161","0794-79149713","北京欧德汇依木房屋有限公司","","新经济组织和新社会组织“两新”组织中的党员","2014-01-01","2014-10-09","中共山西省大同市泰顺县委员会","2014-12-13"
"133","中国江苏星华机场设施有限公司","090127-418-703-825","320618198301092811","元霞晶","河南省新乡市甜水园东街道家园甲6号","13100431094","0356-96898986","江苏星华机场设施有限公司","","教育战线上的党员","2014-03-07","2014-06-21","中共江苏省扬州市皋兰县委员会","2014-10-06"
"134","中国石家庄远大环保节能技术开发有限公司","090145-127-162-856","330213199103267744","廉栋顺","江西省鹰潭市东北旺苗圃厂部一区平房23号","13107805171","0473-17232889","石家庄远大环保节能技术开发有限公司","","街道机关党员","2013-09-23","2014-01-04","中共浙江省杭州市泾川县委员会","2014-03-08"
"135","中国广东顾地塑胶股份有限公司","090187-787-627-842","431016197303243084","章寒","天津市四季青阜石路西山国际城甲69号11号楼107","13201631126","0476-99231992","广东顾地塑胶股份有限公司","","街道机关党员","2015-08-02","2016-03-11","中共湖南省郴州市定海区委员会","2016-07-20"
"136","中国北京宏兴东升防水施工有限公司","090145-531-898-522","320621198405139131","梁义豪","重庆市大屯路华夏良子向东路口右转","13106850200","0932-95732326","北京宏兴东升防水施工有限公司","","离退休党员","2015-09-17","2016-05-10","中共江苏省盐城市城关区委员会","2016-08-05"
"137","中国四川金利特不锈钢制造有限公司","090161-292-118-903","330216198702027486","徐富毅","天津市陈家林2号盈实大厦向西150米","15303262925","0317-55492103","四川金利特不锈钢制造有限公司","","教育战线上的党员","2014-02-28","2014-06-20","中共浙江省嘉兴市庆城县委员会","2014-08-27"
"138","中国沈阳德美斯防水堵漏工程有限公司","090180-509-138-614","231407197511096266","陶佳","湖南省邵阳市大屯北路金泉美食宫一层大屯里312-8","15601323025","0451-55768773","沈阳德美斯防水堵漏工程有限公司","","医疗卫生单位党员","2016-03-02","2017-01-12","中共黑龙江省大庆市淳安县委员会","2017-03-18"
"139","中国天津市明浩商贸有限公司","090131-877-587-773","210303197604247640","霍健志","福建省三明市石景山路2号北京台湾街C01区3号楼首层","13708727969","0795-11208636","天津市明浩商贸有限公司","","新经济组织和新社会组织“两新”组织中的党员","2013-12-11","2014-12-13","中共辽宁省抚顺市庆城县委员会","2015-04-30"
"140","中国铜仁宏绿林产品加工有限公司","090183-917-381-940","431310197208062789","吉澜韵","北京市回龙观龙禧三街东亚上北北侧底商14-19","15304480108","0932-60736767","铜仁宏绿林产品加工有限公司","","街道班子党员领导干部","2016-02-14","2016-08-20","中共湖南省岳阳市淳安县委员会","2016-12-07"
"141","中国新余市君元贸易有限公司","090116-419-654-570","410322197012181532","毕龙军","北京市毛纺西小区旁","15100546335","0738-48082774","新余市君元贸易有限公司","","村改居”社区党员","2016-05-10","2016-11-21","中共河南省新乡市天台县委员会","2017-04-09"
"142","中国哈尔滨凯撒管业有限公司","090193-419-555-341","351811199802229463","贺鸣","天津市石景山路2号北京台湾街C01区3号楼首层","15704653917","0796-78414180","哈尔滨凯撒管业有限公司","","离退休党员","2015-01-02","2015-10-02","中共福建省南平市靖远县委员会","2016-02-08"
"143","中国大连志强管业科技发展有限公司","090175-205-234-714","341128198803208368","刘羽竹","河南省新乡市河荫中路3号","13507525706","0429-18334980","大连志强管业科技发展有限公司","","街道机关党员","2016-03-11","2016-08-21","中共安徽省蚌埠市城关区委员会","2016-12-20"
"144","中国武汉市汉阳区华阳办公家具厂","090177-779-211-403","410423197901042603","陈健策","安徽省阜阳市甜水园东街道家园甲6号","13208394333","0523-35602985","武汉市汉阳区华阳办公家具厂","","村改居”社区党员","2015-05-09","2015-10-22","中共河南省焦作市椒江区委员会","2016-02-25"
"145","中国四川兰迪菲尔软包壁纸装饰装修公司","090143-838-105-334","501228199207302123","姜星","北京市马连洼北路15号","15502463739","0350-11727963","四川兰迪菲尔软包壁纸装饰装修公司","","医疗卫生单位党员","2015-05-11","2015-09-19","中共重庆市会宁县委员会","2015-11-19"
"146","中国四川省宜宾市鸿盛综合贸易有限公司","090189-684-636-845","371824197609243737","彭群","河南省安阳市黄村镇滨河街5号","13300988355","0546-45419091","四川省宜宾市鸿盛综合贸易有限公司","","新经济组织和新社会组织“两新”组织中的党员","2015-04-16","2016-01-15","中共山东省济宁市江干区委员会","2016-05-04"
"147","中国天津永大晟航商贸有限公司","090153-236-172-579","420228198411256877","熊时","山西省晋城市丽园路彩虹新城小区北门东侧","15000973067","0531-96968347","天津永大晟航商贸有限公司","","新经济组织和新社会组织“两新”组织中的党员","2014-03-22","2015-03-30","中共湖北省黄石市龙游县委员会","2015-07-18"
"148","中国阿城继电器股份有限公司","090185-113-878-626","120312199003108113","梁伟鹏","北京市开放路113号南四层609室","15101881640","0599-76165505","阿城继电器股份有限公司","","医疗卫生单位党员","2013-11-22","2014-03-16","中共天津市镇原县委员会","2014-06-05"
"149","中国江西联信大市场丰华物资批发部","090159-467-267-333","210504197602061355","秦顺","四川省德阳市陈家林2号盈实大厦向西150米","15508123298","0476-57142382","江西联信大市场丰华物资批发部","","新经济组织和新社会组织“两新”组织中的党员","2013-10-25","2014-06-14","中共辽宁省抚顺市崇信县委员会","2014-10-29"
"150","中国南昌市青云谱洪都五金标准件中心","090149-570-821-158","520707199412191169","范媛","上海市文慧园西路内100米","13601618621","0357-40716991","南昌市青云谱洪都五金标准件中心","","医疗卫生单位党员","2015-11-16","2016-10-03","中共贵州省六盘水市白银区委员会","2016-12-15"
"151","中国长沙华振供水设备有限公司","090139-646-557-533","120713197011093327","祝钧宁","重庆市欣宁街15号荟聚购物中心2楼","13700372245","0734-82962814","长沙华振供水设备有限公司","","离退休党员","2015-04-27","2016-02-28","中共天津市金东区委员会","2016-06-11"
"152","中国深圳建华宇装饰工程有限公司","090189-731-859-678","341118198607017922","祝惠","重庆市北青云路青云小区对面","13604981967","0471-80503434","深圳建华宇装饰工程有限公司","","医疗卫生单位党员","2014-07-31","2015-04-17","中共安徽省亳州市北仑区委员会","2015-09-07"
"153","中国成都演益木业厂","090133-424-554-409","131707199406257500","钱蕊惠","陕西省铜川市黄寺大街佰隆大厦4层","13608753688","0518-23605447","成都演益木业厂","","新经济组织和新社会组织“两新”组织中的党员","2015-09-16","2016-06-15","中共河北省沧州市玉环县委员会","2016-09-07"
"154","中国广东聚源管业实业有限公司","090148-987-157-570","441509199509193862","黄斌","天津市站前北街","13805895479","0735-37839648","广东聚源管业实业有限公司","","事业单位和市、区驻街道单位党员","2015-06-14","2016-06-02","中共广东省揭阳市西固区委员会","2016-10-22"
"155","中国上海星义计算机科技有限公司","090185-192-113-710","221722197404203341","尹凝韵","北京市东直门内大街10号楼-3号","13700257335","0570-52666137","上海星义计算机科技有限公司","","教育战线上的党员","2016-03-25","2016-08-30","中共吉林省长春市北仑区委员会","2016-12-02"
"156","中国北京亚视创业科技发展有限公司","090164-221-688-254","360905197209209759","葛晶","上海市机场生活区西平街一号","15907550679","0937-18984310","北京亚视创业科技发展有限公司","","村改居”社区党员","2013-09-20","2014-06-11","中共江西省南昌市海淀区委员会","2014-09-20"
"157","中国北京利源易德桑拿设备有限公司","090172-405-810-346","311303197602249981","霍乐","重庆市双榆树北里榆苑公寓","15000397711","0793-64122123","北京利源易德桑拿设备有限公司","","医疗卫生单位党员","2015-04-21","2015-11-03","中共上海市安吉县委员会","2016-03-06"
"158","中国石家庄鑫明保温材料厂","090116-793-145-153","320817198105188863","谭进","吉林省白城市魏公村路近北京理工大学中央民族大学国家图书馆","13300788839","0472-34392910","石家庄鑫明保温材料厂","","医疗卫生单位党员","2014-08-16","2015-07-20","中共江苏省徐州市庆城县委员会","2015-11-01"
"159","中国上海品奥涂料有限公司武汉分公司","090192-238-352-494","351806197803069988","司滢","安徽省合肥市东直门内大街5号楼（6）","15504325777","0738-34871231","上海品奥涂料有限公司武汉分公司","","非“村改居”社区中的党员","2015-11-30","2016-08-14","中共福建省宁德市越城区委员会","2017-01-09"
"160","中国江汉油田凯达实业有限公司高压泵厂","090190-609-988-325","110725199603202869","武红","天津市崇文门外大街国瑞购物中心3F西南","15806007143","0934-66322379","江汉油田凯达实业有限公司高压泵厂","","街道班子党员领导干部","2016-02-13","2017-01-29","中共北京市靖远县委员会","2017-04-20"
"161","中国北京古龙木雕加工厂","090132-118-209-475","441806197011303551","韩泽","北京市东直门内大街15-7号","15607828790","0350-24777302","北京古龙木雕加工厂","","街道机关党员","2016-06-18","2017-05-16","中共广东省珠海市德清县委员会","2017-08-23"
"162","中国长沙绿精灵地板红星美凯龙旗舰店","090114-674-856-642","320105198105156226","费德","浙江省杭州市成寿寺路136号中海城7号楼101-7室","13006047592","0478-37186819","长沙绿精灵地板红星美凯龙旗舰店","","事业单位和市、区驻街道单位党员","2016-05-16","2016-11-18","中共江苏省无锡市长兴县委员会","2017-02-25"
"163","中国重庆万丰成都建材有限公司","090121-495-512-464","231416197503099937","姜美荔","甘肃省金昌市十八里店周庄嘉园C区4号院西门北200米","15703732438","0473-67345535","重庆万丰成都建材有限公司","","村改居”社区党员","2016-04-15","2017-01-22","中共黑龙江省哈尔滨市崆峒区委员会","2017-04-13"
"164","中国重庆市沙坪坝区美恒洁具厂","090191-861-756-939","531812199002044013","费坚梁","江西省鹰潭市丽园路彩虹新城小区北门东侧","13603620941","0635-41489859","重庆市沙坪坝区美恒洁具厂","","医疗卫生单位党员","2014-12-19","2015-10-02","中共云南省保山市静宁县委员会","2015-11-28"
"165","中国江西省电力煤气设备安装公司","090116-329-706-936","510502199104156162","施爱","安徽省亳州市北京朝阳区光华路soho219","15008214612","0734-59723353","江西省电力煤气设备安装公司","","街道机关党员","2015-01-18","2015-06-02","中共四川省成都市清水县委员会","2015-08-31"
"166","中国沈阳百达识别技术有限公司","090149-143-388-836","231709199102285365","莫伯星","江苏省常州市丽园路彩虹新城小区北门东侧","13806335801","0353-56045272","沈阳百达识别技术有限公司","","教育战线上的党员","2014-01-17","2014-08-27","中共黑龙江省鹤岗市顺义区委员会","2014-11-10"
"167","中国江西芸林木业有限公司","090150-943-551-564","421026198401133994","杜嘉珠","重庆市丽园路彩虹新城小区北门东侧","15200633874","0510-60871987","江西芸林木业有限公司","","街道机关党员","2014-05-11","2015-03-07","中共湖北省荆州市衢江区委员会","2015-07-12"
"168","中国贵州友利和贸易有限公司","090163-700-732-545","360818199608242243","季彬","浙江省湖州市亮甲店桥头亮甲店路美怡汽车服务有限公司亮甲店分公司隔壁","13204195084","0417-29644809","贵州友利和贸易有限公司","","街道班子党员领导干部","2013-12-29","2015-01-03","中共江西省南昌市江北区委员会","2015-03-09"
"169","中国益鑫铝业有限公司","090125-537-966-167","411614199902058895","莫珍","河南省安阳市青年沟路西50米","13902046914","0411-84001272","益鑫铝业有限公司","","医疗卫生单位党员","2016-06-15","2017-02-03","中共河南省焦作市东城区委员会","2017-06-08"
"170","中国贵州瑞华塑胶有限公司","090150-843-105-471","231404197806031813","翟会志","天津市二拨子工业园区中路102号","13702257517","0419-88858369","贵州瑞华塑胶有限公司","","非“村改居”社区中的党员","2014-03-09","2015-02-20","中共黑龙江省鹤岗市环县委员会","2015-07-15"
"171","中国北京晶彩耀华玻璃厂","090175-515-185-384","611107197903191165","席莉羽","辽宁省沈阳市文华西路赵记蜜制烤翅旁","13501858594","0353-35053281","北京晶彩耀华玻璃厂","","街道班子党员领导干部","2015-10-17","2016-06-07","中共陕西省铜川市顺义区委员会","2016-10-24"
"172","中国上海友力水泵有限公司","090126-104-439-528","461321198101063337","甄榕河","上海市百子湾路29号","15807501921","0790-37606158","上海友力水泵有限公司","","医疗卫生单位党员","2013-09-28","2014-10-28","中共海南省三亚市镇原县委员会","2015-03-20"
"173","中国新余市来威漆(腾达化工)营销中心","090161-291-534-651","610511199208102358","常广","河北省沧州市盘营沟路首城国际22号楼","13100414173","0570-77573194","新余市来威漆(腾达化工)营销中心","","街道班子党员领导干部","2016-01-03","2016-11-01","中共陕西省咸阳市民勤县委员会","2017-03-07"
"174","中国天津市万方彩钢板厂","090160-800-714-662","460104198909118900","杜秀媛","重庆市塔营北街北双桥村村委会西行10米","15502095621","0938-46475483","天津市万方彩钢板厂","","教育战线上的党员","2014-09-28","2015-09-19","中共海南省海口市苍南县委员会","2015-11-28"
"175","中国湘西阳峰木业有限公司","090150-670-475-151","140727198909163180","柳力涛","重庆市王府井大街277号平房30,31,32栋","15908408405","0417-37904696","湘西阳峰木业有限公司","","医疗卫生单位党员","2016-03-30","2016-12-21","中共山西省忻州市海淀区委员会","2017-03-13"
"176","中国成都国鑫家私","090191-252-340-790","220811199507045833","甄露素","北京市石佛营路与朝阳北路交叉口西北角串通店内","13906745186","0356-50391914","成都国鑫家私","","医疗卫生单位党员","2015-12-06","2016-09-01","中共吉林省白山市七里河区委员会","2016-10-24"
"177","中国天津盛辉伟业钢铁贸易有限公司","090183-384-817-228","211613198104221308","申平","上海市欣宁街15号荟聚购物中心2楼","13102578481","0599-26569448","天津盛辉伟业钢铁贸易有限公司","","街道班子党员领导干部","2016-07-13","2017-04-17","中共辽宁省抚顺市庆元县委员会","2017-06-28"
"178","中国北京格若科技有限公司","090133-514-724-632","420728199105128124","季莎露","北京市回龙观龙禧三街东亚上北北侧底商14-19","13503532556","0735-30513441","北京格若科技有限公司","","离退休党员","2015-06-06","2015-09-16","中共湖北省黄石市西固区委员会","2016-02-04"
"179","中国成都市鹏达照明工程部","090182-853-497-127","231719199511107499","舒珠荔","北京市机场生活区西平街一号","15800178788","0746-17368605","成都市鹏达照明工程部","","教育战线上的党员","2014-07-01","2014-10-16","中共黑龙江省伊春市门头沟区委员会","2015-02-01"
"180","中国绿精灵地板株洲专卖店","090142-129-578-902","431125198207292754","左承子","海南省海口市南环路53号悦荟万科广场B1","15008303765","0535-21524602","绿精灵地板株洲专卖店","","新经济组织和新社会组织“两新”组织中的党员","2014-11-27","2015-07-06","中共湖南省长沙市镇原县委员会","2015-09-09"
"181","中国贵阳市南明区南泉水电物资经营部","090162-759-271-736","410609199707209964","朱峰功","湖南省岳阳市王府井大街277号平房30,31,32栋","15001727463","0793-81307869","贵阳市南明区南泉水电物资经营部","","街道机关党员","2014-10-12","2015-02-12","中共河南省新乡市婺城区委员会","2015-04-28"
"182","中国长沙市泽诚电器贸易有限公司","090176-781-621-121","421227197504193274","穆卿卿","天津市南环路53号悦荟万科广场B1","15603498551","0635-38728005","长沙市泽诚电器贸易有限公司","","新经济组织和新社会组织“两新”组织中的党员","2016-07-12","2016-10-28","中共湖北省襄樊市淳安县委员会","2017-01-12"
"183","中国北京华宝京安科技发展有限公司","090138-736-244-451","431712199903082253","姚希","北京市黄寺大街佰隆大厦4层","15106590461","0482-50764116","北京华宝京安科技发展有限公司","","街道班子党员领导干部","2015-09-10","2016-08-28","中共湖南省邵阳市永嘉县委员会","2016-11-23"
"184","中国天津市津南区国联防火门厂","090117-404-399-929","501803198811179075","张文以","重庆市回龙观镇北清路1号院8号楼底商","15301439030","0352-98488649","天津市津南区国联防火门厂","","非“村改居”社区中的党员","2013-11-13","2014-12-11","中共重庆市通渭县委员会","2015-04-08"
"185","中国南昌县佰嘉涂料厂","090137-895-975-103","521519197402071806","丁启进","辽宁省丹东市毛纺西小区旁","13001318444","0418-44367145","南昌县佰嘉涂料厂","","新经济组织和新社会组织“两新”组织中的党员","2014-08-21","2015-05-06","中共贵州省贵阳市新昌县委员会","2015-06-27"
"186","中国哈尔滨北扬信达科技开发有限公司","090119-228-964-777","511311197706088555","司伊菊","天津市青年路27号院华纺新天地底商3-3","15700165913","0421-87828287","哈尔滨北扬信达科技开发有限公司","","街道班子党员领导干部","2014-06-19","2015-03-09","中共四川省自贡市环县委员会","2015-06-24"
"187","中国章丘市鑫发石材厂","090156-830-365-215","420108199806215679","钱雁","北京市塔营北街北双桥村村委会西行10米","13904822659","0313-65889416","章丘市鑫发石材厂","","教育战线上的党员","2013-12-30","2014-08-26","中共湖北省荆州市宣武区委员会","2014-11-26"
"188","中国江西联信大市场新发机电商行","090187-884-712-559","230312199204083433","汪先","天津市北洼西里48号宝联体育公园院内手抓龙虾","13204058959","0316-21888236","江西联信大市场新发机电商行","","街道机关党员","2016-04-02","2017-04-15","中共黑龙江省双鸭山市常山县委员会","2017-06-10"
"189","中国金牛区迪龙物资商行","090121-408-853-229","511808199507208175","冯蓓琳","重庆市运河西大街葛布店北里141号果园环岛东侧200米","15002428524","0736-56384982","金牛区迪龙物资商行","","非“村改居”社区中的党员","2014-04-29","2014-11-18","中共四川省广元市江北区委员会","2015-03-18"
"190","中国衡华配件厂","090194-681-184-905","121508197811153584","包利","海南省三亚市东四北大街甲82-1号","13206091963","0791-12194005","衡华配件厂","","教育战线上的党员","2016-06-14","2016-10-21","中共天津市凉州区委员会","2016-12-28"
"191","中国绵阳市中海特钢有限责任公司","090197-184-312-352","431705199804223222","卫信飞","北京市文华西路赵记蜜制烤翅旁","15100198076","0452-15518613","绵阳市中海特钢有限责任公司","","教育战线上的党员","2014-11-10","2015-10-15","中共湖南省衡阳市余杭区委员会","2016-02-11"
"192","中国贵阳新纪物资贸易有限公司","090178-516-870-542","321206199807042925","伏洁","重庆市四季青阜石路西山国际城甲69号11号楼107","13801333203","010-23008329","贵阳新纪物资贸易有限公司","","医疗卫生单位党员","2016-06-04","2017-01-30","中共江苏省徐州市海曙区委员会","2017-05-06"
"193","中国环球灯饰(济阳店)有限公司","090124-508-982-815","410714199206208328","卞腾宁","浙江省湖州市吕家营餐饮街30号","13702082878","0523-94122638","环球灯饰(济阳店)有限公司","","事业单位和市、区驻街道单位党员","2014-02-02","2014-06-20","中共河南省焦作市安吉县委员会","2014-09-30"
"194","中国中国机械工业成套工程总公司哈尔滨代理","090198-102-721-366","530203197009252324","武琦","北京市陆港城商业步行街内104-105号","15505106431","0353-22284295","中国机械工业成套工程总公司哈尔滨代理","","街道班子党员领导干部","2015-01-01","2016-01-07","中共云南省保山市浦江县委员会","2016-04-29"
"195","中国成都炬烽钢铁有限公司","090145-738-728-996","221417198507088097","施中榕","天津市东三环富力广场北天之骄子1-2-1002","13406730674","0579-95812608","成都炬烽钢铁有限公司","","非“村改居”社区中的党员","2015-03-18","2016-02-01","中共吉林省辽源市拱墅区委员会","2016-06-03"
"196","中国石家庄宇泉环保设备有限公司四川办事处","090196-362-445-213","360219199906158064","郭霞","重庆市东直门内大街15-7号","13705002637","022-60326218","石家庄宇泉环保设备有限公司四川办事处","","事业单位和市、区驻街道单位党员","2016-02-21","2017-03-16","中共江西省上饶市苍南县委员会","2017-05-26"
"197","中国江西盈通实业有限公司南昌办事处","090164-525-159-592","361221197805196358","华亚融","重庆市青年沟路西50米","15301452522","0531-77571980","江西盈通实业有限公司南昌办事处","","街道机关党员","2015-08-06","2016-02-09","中共江西省九江市常山县委员会","2016-07-04"
"198","中国北京华宝京安科技发展有限公司","090134-921-476-964","461318198210099901","闵才","重庆市百子湾桥西一百米路北","15204965549","0937-27071307","北京华宝京安科技发展有限公司","","教育战线上的党员","2015-08-24","2016-06-22","中共海南省三亚市泰顺县委员会","2016-10-30"
"199","中国哈尔滨东邦新型建筑材料有限公司","090196-265-764-540","530309198202126798","钟媛","江苏省淮安市站前北街","13400878605","0531-70797195","哈尔滨东邦新型建筑材料有限公司","","离退休党员","2015-07-20","2015-12-12","中共云南省曲靖市长兴县委员会","2016-02-02"
"200","中国张家港市富昶热能设备有限公司","090135-883-220-395","421313199504251084","范艺筠","四川省德阳市二拨子工业园区中路102号","15100196840","0474-69421074","张家港市富昶热能设备有限公司","","街道机关党员","2016-03-11","2016-08-10","中共湖北省武汉市普陀区委员会","2016-11-13"
