"三合社区居委会人民调解委员会","大浪街道龙观路三合新村","12","董浩","18797999247"
"上岭排社区居委会人民调解委员会","大浪街道上岭排居委会一楼","16","黄秀荣","13450760019"
"上早社区居委会人民调解委员会","大浪街道上早新村上早大厦2楼","10","韩小红","14530378131"
"上横朗社区居委会人民调解委员会","大浪街道华辉路6号上横朗村综合大楼","18","辛峰","13875720850"
"上油松社区居委会人民调解委员会","龙华街道上油松荔苑山庄综合楼4楼","10","陈洋","13276025540"
"下岭排社区居委会人民调解委员会","大浪街道下岭排新岭路7号","17","宋勇","13233657598"
"下早社区居委会人民调解委员会","大浪街道龙观西路下早办公大楼4楼","5","杨静","18758487736"
"下横朗社区居委会人民调解委员会","大浪街道同胜社区桂冠华庭小区内牡丹苑1楼","12","周玉梅","13531549142"
"下油松社区居委会人民调解委员会","龙华街道民清一路51号下油松村别墅办公大楼4楼","7","陈利","15554778346"
"丹湖社区居委会人民调解委员会","福城街道丹坑新村丹坑办公楼","8","蔡想","15809262555"
"伍屋社区居委会人民调解委员会","龙华街道伍屋工业区一栋一楼","10","姚畅","18534019115"
"元芬社区居委会人民调解委员会","大浪街道布龙路元芬大厦6楼","18","王兰英","15816464131"
"六和社区人民调解委员会","坪山街道六和社区正坑路6号","5","陈楠","15741982952"
"六和社区人民调解委员会宝德仕电玩制造（深圳）有限公司人民调解小组","坪山街道六和社区飞西第二工业区第3栋","14","薛鑫","18921396630"
"六和社区人民调解委员会成城达实业有限公司人民调解小组","坪山街道六和社区高思特工业区17号","13","刘淑兰","15970895324"
"六和社区人民调解委员会深圳市明智塑胶制品有限公司人民调解小组","坪山街道六和社区飞西第二工业区第2栋","11","郑红霞","15509479982"
"六联社区人民调解委员会东城上邸物业服务中心人民调解小组","坪山街道坪山大道3001号","7","刘秀荣","15671985249"
"六联社区人民调解委员会横岭塘居委会人民调解小组","坪山街道横岭塘居委会","13","王娟","18818028085"
"六联社区人民调解委员会深港东成睡袋（深圳）有限公司人民调解小组","坪山街道阳光路11号","16","韦玉英","13071350749"
"六联社区人民调解调委会","坪山街道东成路8号","5","朱博","18782951955"
"六联社区人民调解调委会阳光调解工作室","坪山街道东城上邸六联社区党群服务中心","9","张丹丹","18794797683"
"共和社区居委会人民调解委员会","龙华街道共和新村和丰大厦17楼","13","吴飞","14574763847"
"凹背社区居委会人民调解委员会","观澜街道库坑社区凹背村29号","7","李淑兰","15604771788"
"卓伦五金制品（深圳）有限公司人民调解委员会","坑梓街道宜卓路8号","16","纪娟","18750379817"
"南山区龙珠社区人民调解委员会","龙桃源村三期负一楼","19","陈芳","15294580859"
"南布社区人民调解委员会","龙田街道燕子岭五路","11","张敏","13950105928"
"同胜社区工作站人民调解委员会","大浪街道华繁路同胜综合大楼","16","郑玉英","13103606731"
"君子布社区工作站人民调解委员会","观澜街道环观南路66号","17","林秀珍","13012199718"
"君新社区居委会人民调解委员会","观澜街道君子布社区龙兴路龙兴办公楼对面","16","涂丽丽","15532364187"
"君龙社区居委会人民调解委员会","观澜街道君子布社区龙兴路龙兴办公楼对面","20","张秀英","18548902362"
"启明社区居委会人民调解委员会","观澜街道启明社区兴业路1号","6","赵坤","13188109733"
"和平社区人民调解委员会","坪山街道坪山中兴二巷26号","5","梁健","13801845849"
"和平社区人民调解委员会金阳成物业管理有限公司人民调解小组","坪山街道和平路泰富华庭小区","10","朱玉兰","14791076971"
"和平社区人民调解委员会马东居民小组人民调解小组","坪山街道立新西路71号","16","张艳","15046526389"
"四和社区居委会人民调解委员会","福城街道武馆村五栋2号","13","张秀英","18039235589"
"坑梓社区人民调解委员会","坑梓街道坑梓社区居委办公楼","13","金琴","18631650526"
"坑梓经济发展有限公司人民调解委员会","坑梓街道人民西路162号","18","黄文","14562964124"
"坑梓街道人民调解委员会","坑梓街道人民西路1号","16","周冬梅","13591977024"
"坪山社区人民调解委员会","坪山街道立北四巷11号","18","冯勇","18844475698"
"坪山社区人民调解委员会三洋湖物业管理有限公司人民调解小组","坪山街道三洋湖路23-8号","11","郭凤英","13138268099"
"坪山街道人民调解委员会","坪山街道建设路60号办事处办公大楼717室","8","刘云","18685498204"
"坪山街道坪山经济发展总公司人民调解委员会","坪山街道东纵路经发大厦515室","11","张岩","14770664686"
"大三社区居委会人民调解委员会","福城街道大水坑三村大三股份公司三楼居委会办公室","12","毕玲","13442184631"
"大兴社区居委会人民调解委员会","福城街道大水坑一村大一股份公司三楼居委会办公室","11","陈娜","13875975161"
"大坪社区居委会人民调解委员会","观澜街道大坪社区樟企路企坪新村旁","11","李军","13903358324"
"大富社区工作站人民调解委员会","观澜街道陂老小区乐博幼儿园旁","14","欧阳雪梅","15753174445"
"大布巷社区居委会人民调解委员会","观澜街道大布巷布新路1号","11","车艳","15190378539"
"大水坑社区工作站人民调解委员会","福城街道大水坑社区观水南街1号社区党群服务中心","18","李桂芳","15585692347"
"大水田社区居委会人民调解委员会","观澜街道大水田社区23号二楼","11","戴颖","18104497666"
"大水田社区工作站人民调解委员会","观澜街道大水田社区工作站","16","张丽","13269075954"
"大浪社区工作站人民调解委员会","大浪街道大浪社区下岭排新岭路46号","14","龙帅","13781408554"
"大浪街道人民调解委员会","大浪街道华荣路510号行政服务中心","6","邓彬","18021674778"
"大浪街道人民调解委员会驻交警中队人民调解室","龙华区工业路与和平路交叉口","17","韩桂芝","13306621301"
"大浪街道人民调解委员会驻劳动管理办公室人民调解室","大浪街道华荣路510号行政服务中心","5","徐英","18573382519"
"大浪街道人民调解委员会驻大浪派出所人民调解室","大浪街道浪口村新八巷1号","13","李佳","18007181031"
"大浪街道人民调解委员会驻综治办人民调解室","大浪街道华荣路510号行政服务中心","17","陈红霞","18853661459"
"大浪街道人民调解委员会驻观澜法庭人民调解室","福城街道竹村沿河路7号","15","胡欣","13200522198"
"大浪街道人民调解委员会驻龙华派出所人民调解室","龙华街道龙观西路41号","5","刁建华","18734512798"
"威万年自行车制造（深圳）有限公司人民调解委员会","坑梓街道金沙社区人民东路（金沙段）8号","10","郭建华","18846318463"
"宝安区龙珠社区人民调解委会","龙吟二路189号","10","邱彬","13508621593"
"富坑社区居委会人民调解委员会","观澜街道库坑社区中心村1号","13","王建平","13098283394"
"富康社区居委会人民调解委员会","龙华街道东环二路二号富士康科技集团党委","13","李凤兰","15050680434"
"山咀头社区居委会人民调解委员会","龙华街道三联社区山咀头综合办公大楼3楼","14","龚艳","13843617224"
"广培社区居委会人民调解委员会","观澜街道牛湖社区广培北路老人活动中心三楼","15","杨桂珍","18560391336"
"广培社区工作站人民调解委员会","观澜街道广培北路57号","5","张玉珍","18867806115"
"库坑社区工作站人民调解委员会","观澜街道泗黎路库坑天桥十字路口往东200米","16","陈秀兰","15545249112"
"弓村社区居委会人民调解委员会","龙华街道三联社区龙华新城商业中心A栋25楼","15","杨佳","15281990819"
"恒泰社区居委会人民调解委员会","龙华街道民欢路4号","6","郝霞","18735246853"
"悦兴围社区居委会人民调解委员会","福城街道悦兴路悦兴围二组办公楼","12","王淑华","15767708646"
"新围社区居委会人民调解委员会","大浪街道新围社区华宁路新围居委办公楼三楼301室","10","谢玉梅","13911625107"
"新城社区居委会人民调解委员会","福城街道竹村东区一巷1号三楼","8","刘柳","18206588823"
"新澜社区工作站人民调解委员会","观澜街道新澜大街51号","18","郭淑兰","18055324252"
"新石社区工作站人民调解委员会","大浪街道同富邨工业园89栋第一、二楼","17","徐明","18162006047"
"星花社区居委会人民调解委员会","观澜街道星花社区桂花路蚌岭股份合作公司办公楼二楼","20","凌畅","14747575186"
"景华社区居委会人民调解委员会","龙华街道办景龙社区工作站办公大楼212","12","陆晶","15260660333"
"桂澜社区居委会人民调解委员会","观澜街道桂澜中路7巷46号","12","郭凤兰","14543198391"
"桂花社区居委会人民调解委员会","观澜街道桂花社区观光路高尔夫立交桥旁","14","萧明","15748079308"
"桂花社区工作站人民调解委员会","观澜街道观澜桂花路139号","15","徐小红","15822809068"
"桂香社区工作站人民调解委员会","观澜街道桂花二市场旁","16","戴桂香","18636691637"
"桔塘社区居委会人民调解委员会","福城街道大水坑桔岭老村股份公司二楼居委会办公室","11","谢兰英","15180677183"
"桔塘社区工作站人民调解委员会","福城街道福前路109号B102室","14","余红霞","18795465115"
"梅富社区人民调解委员会","景田东路99号梅富社区工作站","14","梁志强","13124447541"
"梅富社区人民调解委员会布尾村调解小组","景田东路99号梅富社区工作站","17","萧玉华","15721570769"
"梅富社区人民调解委员会必好花园调解小组","景田东路99号梅富社区工作站","11","吴阳","15167531557"
"梅富社区人民调解委员会新狮村调解小组","景田东路99号梅富社区工作站","17","袁桂香","18853448449"
"梅富社区人民调解委员会梅富村调解小组","景田东路99号梅富社区工作站","14","沙勇","15582421606"
"梅岗社区人民调解委员会","福田区梅岗路华富北市场北座三楼梅岗社区工作站","14","李婷婷","13458988887"
"梅岭社区人民调解委员会","东方玫瑰园1栋2楼","8","李欣","15504316655"
"梅岭社区人民调解委员会东方玫瑰花园小区调解小组","东方玫瑰园1栋2楼","5","徐瑜","13307367162"
"梅岭社区人民调解委员会侨福大厦小区调解小组","侨福大厦一楼","9","靳帅","15710478876"
"梅岭社区人民调解委员会合正名园小区调解小组","合正名园B栋一楼","11","王萍","15575787730"
"梅岭社区人民调解委员会安柏丽晶园小区调解小组","安柏丽晶安景阁2座3楼","10","王玉珍","15632630218"
"梅岭社区人民调解委员会缇香名苑小区调解小组","缇香名苑6栋二楼","12","仲兵","13390236580"
"梅岭社区人民调解委员会金色假日小区调解小组","金色假日负一楼","15","丁瑞","15639430966"
"梅岭社区人民调解委员会锦文阁小区调解小组","锦文阁5楼","7","许艳","13130054137"
"梅岭社区人民调解委员会香蜜二村小区调解小组","香蜜二村6栋A1","6","高雪","15906884796"
"楼岗社区居委会人民调解委员会","宝安区松岗街道楼岗社区工作站","15","贾辉","18881397241"
"水围社区居委会人民调解委员会","大浪街道办事处水围新村108栋一楼水围居委会","10","刘宁","15644122930"
"水斗新围社区居委会人民调解委员会","龙华街道东环二路与工业路交汇处水斗新围社区居委会","19","吴亮","18755135260"
"水斗老围社区居委会人民调解委员会","龙华街道水斗老围村办公楼3楼","15","孙辉","13746970578"
"沙田社区人民调解委员会","坑梓街道沙田社区居委办公楼","8","陈雷","14711984891"
"河背社区居委会人民调解委员会","龙华街道河背社区居委会办公大楼","14","吕璐","15026630966"
"浪口社区居委会人民调解委员会","大浪街道大浪南路浪口村委3楼","10","邹军","18635723120"
"浪口社区工作站人民调解委员会","大浪街道华兴路富隆特工业区1栋首层","16","潘淑珍","18885324985"
"深圳市金禾田物业管理有限公司人民调解委员会","坑梓街道人民西路金田风华苑西区4号楼三层","18","张淑兰","15356919864"
"深圳日光显示技术有限公司人民调解委员会","坑梓街道沙田社区沙田北路55号","17","姚秀兰","18619744930"
"清华社区居委会人民调解委员会","龙华街道梅龙大道国鸿购物广场2楼","20","黄桂英","15745694246"
"清湖社区居委会人民调解委员会","龙华街道清湖新村综合服务楼5楼","17","姜娜","13776389870"
"港华鸿记科技（深圳）有限公司人民调解委员会","坑梓街道第二工业区12号","8","张玉兰","15045534720"
"牛地铺社区居委会人民调解委员会","龙华街道牛地铺社区居委会办公大楼2楼","19","何玉","13719994019"
"牛湖社区工作站人民调解委员会","观澜街道牛湖老二村牛湖社区工作站","15","魏旭","15067194152"
"狮头岭社区居委会人民调解委员会","龙华街道三联社区狮头岭综合办公大楼2楼","10","颜丽娟","13903726933"
"狮径社区居委会人民调解委员会","福城街道狮径一组办公楼","11","李佳","18199709586"
"玉翠社区居委会人民调解委员会","龙华街道华联社区工作站大浪南路","15","李建国","13528488522"
"瓦窑排社区居委会人民调解委员会","龙华街道瓦窑排新村综合办公大楼三楼","14","黄成","14523934199"
"石凹社区居委会人民调解委员会","大浪街道石凹社区石凹一村居委办公大楼156号","11","方莉","18228323606"
"石马径社区居委会人民调解委员会","观澜街道牛湖社区石马径社区石二村办公楼三楼","14","唐玲","18957869393"
"福城街道人民调解委员会","福城街道观光路1354号福城街道办事处3号楼203室","8","李凤兰","15062074945"
"福城街道人民调解委员会驻福民派出所人民调解室","福城街道人民路61号","6","张杨","18993260603"
"福城街道人民调解委员会驻观澜交警中队人民调解室","观澜大道109号","20","牟晶","13908762132"
"福城街道人民调解委员会驻观澜法庭人民调解室","福城街道竹村沿河路7号观澜法庭2楼","18","盛丹","13056119435"
"福城街道茜坑社区工作站人民调解委员会","福城街道观澜大道157号茜坑工作站一楼","18","王欢","13184959597"
"福民社区工作站人民调解委员会","民悦兴路186号福民社区综治信访维稳工作站一楼","18","康莉","18958568516"
"秀新社区人民调解委员会","坑梓街道秀新社区居委办公楼","18","张想","15506108751"
"科裕富橡塑（深圳）有限公司人民调解委员会","坑梓街道宝东路5—6号","19","曹娜","15962513634"
"章阁社区居委会人民调解委员会","福城街道桂月路志扬大厦一楼章阁工作站内","18","连淑兰","15241723106"
"章阁社区工作站人民调解委员会","福城街道章阁社区桂月路志扬大厦一楼章阁工作站内","9","袁慧","15051306481"
"竹坑社区人民调解委员会","坪山区金牛东路66号","17","龙华","18160148016"
"竹坑社区人民调解委员会罗庚丘居民小组人民调解小组","龙田街道竹坑社区罗庚丘居民小组","10","周娟","13391456931"
"竹坑社区人民调解委员会老围居民小组人民调解小组","龙田街道竹坑社区老围居民小组","18","黄秀云","15652799378"
"罗屋围社区居委会人民调解委员会","大浪街道罗屋围股份公司一楼会议室","6","刘桂英","13145523784"
"罗岗社区人民调解委员会","布吉街道信义荔山公馆5号楼5s126","16","丁瑞","15657105806"
"罗湖区医疗纠纷人民调解委员会","罗湖区蛟湖路12号东门街道办事处","7","戴莉","14582087724"
"罗湖区医疗纠纷人民调解委员会驻第一人民医院人民调解工作室","罗湖区东门北路1017号","12","谭凤英","15599455640"
"罗湖区医疗纠纷人民调解委员会驻罗湖区人民医院调解工作室","罗湖区友谊路罗湖人民医院住院楼一楼调解室","8","程婷婷","18512561687"
"罗湖区婚姻家庭纠纷人民调解委员会","沿河南路2007号罗湖区妇女儿童活动中心一楼","5","薛艳","13263532037"
"罗湖区婚调委驻区人民法院人民调解工作室 （家事调解室）","罗湖区沿河北路2006号罗湖区司法大厦","6","李利","13525301367"
"罗湖区婚调委驻区婚姻登记处人民调解工作室","罗湖区民政局","19","杨坤","15519014743"
"罗湖区水贝珠宝交易中心人民调解委员会","罗湖区贝丽北路阳光天地家园裙楼","20","吴宁","18505570966"
"罗田社区人民调解委员会","燕罗街道燕罗公路罗田社区 工作站","11","郭娜","13435004305"
"罗租社区人民调解委员会","石岩街道罗租社区","8","姚红霞","18289398461"
"翠澜社区居委会人民调解委员会","观澜街道众安街17号","10","巩建国","15836219043"
"老围社区居委会人民调解委员会","龙华街道老围社区居委会办公大楼2楼","6","巩慧","18604801058"
"老坑社区人民调解委员会","龙田街道老坑社区盘龙路15号","10","罗建","14510164713"
"茂业社区人民调解委员会","布吉街道龙岗大道2279号知春里大厦7楼","6","傅志强","18087849176"
"茜坑社区居委会人民调解委员会","福城街道茜坑路88号2楼","18","张磊","15726830370"
"荔园社区居委会人民调解委员会","龙华街道花园新村51栋","11","袁华","14714209480"
"观澜街道人民调解委员会","观澜街道桂花路199号","8","王建国","13150535216"
"观澜街道人民调解委员会驻库坑农贸市场调解室","观澜街道库坑社区（库坑老工作站旁）","17","陈秀兰","15796484942"
"观澜街道人民调解委员会驻牛湖派出所调解室","观澜街道高尔夫大道87号","16","王颖","15724555384"
"观澜街道人民调解委员会驻观澜法庭调解室","福城街道新城社区竹村沿河路7号","6","郝磊","14527450316"
"观澜街道人民调解委员会驻观澜派出所调解室","观澜街道新澜大街32号","7","李英","13897130561"
"观澜街道人民调解委员会驻观澜街道综治信访维稳中心调解室","观澜桂花路199号综合楼一楼","14","刘桂英","15751921268"
"谭罗社区居委会人民调解委员会","大浪街道谭罗社区综合办公楼5楼","12","喻莹","13348296997"
"赖屋山社区居委会人民调解委员会","大浪街道赖屋山新村一巷1号 ","20","邱玉珍","13001736268"
"赤岭头社区居委会人民调解委员会","大浪街道龙胜路爱车王子大厦3楼","6","郑红","15772261367"
"郭吓社区居委会人民调解委员会","龙华街道郭吓居委会办公大楼2楼 ","9","张丽娟","13429161047"
"金沙社区人民调解委员会","坑梓街道金沙社区居委办公楼","7","刘欢","13846271252"
"陂头吓社区居委会人民调解委员会","观澜街道陂头吓居委会办公楼","6","赵亮","18815087724"
"陆港物业福田地税管理处调解小组","陆港物业福田地税管理处","13","罗佳","13294699619"
"陶吓社区居委会人民调解委员会","大浪街道陶吓新村30号楼5楼","7","刘丹","13066249381"
"震雄工业园人民调解委员会","坑梓街道人民路","17","顾刚","13740383381"
"马安堂社区人民调解委员会","坂田街道马安堂社区禾塘光村新河8-1号206室","12","梁红","15690724711"
"马安山社区居民委员会人民调解委员会","马安山西区安山路111号二楼","12","张强","13728915943"
"马家龙社区人民调解委员会","马家龙荔园新村10栋一楼","6","黄丽丽","13869460967"
"高峰社区工作站人民调解委员会","大浪街道龙观西路高峰大厦306","5","罗雪梅","18093418092"
"鹊山社区居委会人民调解委员会","大浪街道龙观西路鹊山新村鹊山办公楼1-4楼","11","萧婷","13250721924"
"麻岭社区人民调解委员会","高新中二路帝景园小区二期B栋一楼","20","张岩","18629597131"
"麻布社区人民调解委会","海诚路一号麻布居委二楼","17","杜俊","18549034712"
"麻磡社区人民调解委员会","麻磡南路13号三楼","17","路坤","15878770923"
"黄麻埔社区居委会人民调解委员会","大浪街道黄麻埔社区办公楼","8","刘莹","15012980329"
"黎光社区居委会人民调解委员会","观澜街道黎光社区新围工作站大楼","11","王云","14509876607"
"黎光社区工作站人民调解委员会","观澜街道黎光社区工作站","7","陆建华","15364785261"
"龙井社区人民调解委员会","宝城二区湖滨花园27栋前","19","窦雷","18673262935"
"龙光社区人民调解委员会","桃源街道龙井东区15号","8","向金凤","18890896033"
"龙岗区龙珠社区人民调解委员会","布吉街道京南路翡翠星光苑B座501","8","王建军","13597489205"
"龙岗墟社区居民委员会人民调解委员会","龙岗街道龙岗墟社区紫苑街108号","14","江鹏","14506358076"
"龙岗社区居民委员会人民调解委员会","龙岗街道福宁路88号","11","王东","15302417337"
"龙岭社区人民调解委员会","布吉街道龙岭山庄丽廷豪苑2楼","12","刘雪梅","13441674328"
"龙平社区工作站人民调解委员会","大浪街道民塘路566号特发和平里二期紫荆阁裙楼","10","刘霞","15504926275"
"龙新社区居民委员会人民调解委员会","宝龙街道龙新社区东升路4号","14","郑丹","15267703046"
"龙田社区人民调解委员会","龙田街道龙田社区龙腾路23号","14","陈健","13927994162"
"龙田社区人民调解委员会下陂居民小组人民调解小组","龙田街道龙田社区下陂村60-1号3楼","7","王秀荣","18046521938"
"龙田社区人民调解委员会大塘居民小组人民调解小组","龙田街道龙田社区龙兴北路129号2楼","19","裴涛","13754165981"
"龙田社区人民调解委员会大水湾居民小组人民调解小组","龙田街道龙田社区大水湾老住宅区嘉众百货对面","7","梁军","14779325595"
"龙田社区人民调解委员会大窝居民小组人民调解小组","龙田街道龙田社区大窝第一住宅区9号后面2楼","6","刘峰","18059891547"
"龙田社区人民调解委员会新屋居民小组人民调解小组","龙田社区新屋村23号2楼（党群服务中心分站点）","11","何鑫","15322337144"
"龙田社区人民调解委员会牛湖居民小组人民调解小组","龙田街道龙田社区石田路19号2楼","8","张倩","18953652136"
"龙田社区人民调解委员会牛背居民小组人民调解小组","龙田街道龙田社区牛背58号2楼","17","梁晨","18708890673"
"龙田社区人民调解委员会田段心居民小组人民调解小组","龙田街道龙田社区田心三巷4号2楼（龙田世居门口）","12","罗龙","14716421785"
"龙田社区人民调解委员会石陂头居民小组人民调解小组","龙田街道龙田社区石陂头深龙巷28号1楼","15","冼晶","15812799162"
"龙田街道人民调解委员会","龙田街道盘龙路46号","7","李雷","18845924766"
"龙眼山社区人民调解委员会","石岩街道龙腾路7号龙眼山办公楼五楼","5","林丹","15725416665"
"龙红格社区居民委员会人民调解委员会","龙城街道黄阁中路109号三楼","13","赵凯","15087105931"
"龙联社区人民调解委员会","桃源街道体育中心附属楼3楼","19","傅丽丽","14768289062"
"龙胜社区居委会人民调解委员会","大浪街道龙华路与工业路交汇处龙胜社区党群服务中心（龙胜社区警务室旁）","6","姜帅","18582909881"
"龙胜社区工作站人民调解委员会","大浪街道龙华路与工业路交汇处龙胜社区党群服务中心（龙胜社区警务室旁）","20","赖淑英","15761136120"
"龙腾社区人民调解委会","龙珠山顶龙济楼十八栋首层","12","李洋","13403409420"
"龙西社区居民委员会人民调解委员会","龙岗街道龙西社区学园路1号","10","刘丹","13880247981"
"龙辉社区人民调解委员会","龙珠大道龙辉花园26栋107","14","薛雪梅","18759950457"
