"1","凤鹏泽","120227196004168144","女","浙江省嘉兴市伟荣有限公司"
"2","郎翰","361328196504247439","男","浙江省丽水市元正有限公司"
"3","鲍榕","331128199101172192","男","浙江省嘉兴市欣丰有限公司"
"4","鲁顺","211502198902133217","男","浙江省温州市利如有限公司"
"5","明海","361626197203305772","男","浙江省丽水市欣丰有限公司"
"6","钱霭","331617197512042709","女","浙江省舟山市 旺利有限公司"
"7","孟露瑶","211811196103066247","女","浙江省杭州市东昌有限公司"
"8","卫健世","631428197410079928","女","浙江省金华市长福有限公司"
"9","喻会思","231717196108316779","男","浙江省衢州市利如有限公司"
"10","昌莲","410726196705227722","女","浙江省温州市伟荣有限公司"
"11","常旭","810815199903179047","女","浙江省绍兴市德祥有限公司"
"12","李中","540906199301215465","女","浙江省绍兴市德祥有限公司"
"13","戚功","150520198708192214","男","浙江省杭州市公佳有限公司"
"14","苏德","141510199807181222","女","浙江省湖州市耀佳有限公司"
"15","平克伦","710404197302255815","男","浙江省丽水市瑞丰有限公司"
"16","史策腾","351012197609108901","女","浙江省嘉兴市旺利有限公司"
"17","孟晶妍","370222196104032440","女","浙江省温州市辉圣有限公司"
"18","毕振壮","711511197712077537","男","浙江省台州市华飞有限公司"
"19","孙枫芸","311301197504165317","男","浙江省湖州市多乾有限公司"
"20","郑婵","510119196807071073","男","浙江省湖州市德高有限公司"
"21","孟琛","311320197208302905","女","浙江省台州市欣丰有限公司"
"22","祁栋","131726199807054572","男","浙江省嘉兴市公佳有限公司"
"23","滕彬","150125199705198488","女","浙江省宁波市东弘有限公司"
"24","成妹","361624196702195561","女","浙江省嘉兴市春信有限公司"
"25","贺厚庆","431319197806307079","男","浙江省台州市瑞丰有限公司"
"26","施国胜","540818198502081190","男","浙江省舟山市 旺利有限公司"
"27","吴乐","451416199804122465","女","浙江省嘉兴市万鼎有限公司"
"28","元策腾","530809197506184131","男","浙江省绍兴市合亨有限公司"
"29","殷群豪","710922199804135199","男","浙江省嘉兴市元正有限公司"
"30","袁影荔","450311196208082090","男","浙江省温州市乾广有限公司"
"31","舒行时","140315197410212884","女","浙江省宁波市利如有限公司"
"32","戴悦昭","631503196507071158","男","浙江省金华市长福有限公司"
"33","唐永","110610197702268062","女","浙江省杭州市德祥有限公司"
"34","祝生龙","620520196706305293","男","浙江省衢州市旺利有限公司"
"35","华超","410415196501157051","男","浙江省嘉兴市隆高有限公司"
"36","皮姣","431407197402252568","女","浙江省舟山市 正禄如通有限公司"
"37","马婵","521208199612153826","女","浙江省台州市广安有限公司"
"38","董伯","501202197112181193","男","浙江省台州市春信有限公司"
"39","狄善","141620198011069237","男","浙江省台州市鑫德有限公司"
"40","张广志","350625199202203458","男","浙江省温州市东弘有限公司"
"41","萧亨奇","351003197204284618","男","浙江省金华市昌益有限公司"
"42","杜瑶","630328197607135023","女","浙江省金华市万鼎有限公司"
"43","汤云莲","321418198211036915","男","浙江省嘉兴市鑫德有限公司"
"44","俞东文","320313198106151458","男","浙江省嘉兴市广安有限公司"
"45","苏山仁","330124197608275378","男","浙江省湖州市辉圣有限公司"
"46","王庆","630808198611213701","女","浙江省衢州市飞庆有限公司"
"47","贺清","230202199006146265","女","浙江省衢州市久多有限公司"
"48","昌行时","350214196001202788","女","浙江省杭州市合亨有限公司"
"49","秦江超","320408197905213569","女","浙江省衢州市春谦有限公司"
"50","米广志","111219198804015364","女","浙江省绍兴市东昌有限公司"
"51","费怡婵","440810199407254739","男","浙江省嘉兴市利如有限公司"
"52","时艳","431809196112116658","男","浙江省绍兴市正禄如通有限公司"
"53","贺芸","341602198404275222","女","浙江省丽水市利如有限公司"
"54","萧若鸣","340408198809063858","男","浙江省绍兴市元正有限公司"
"55","任武新","500623198707126439","男","浙江省台州市久多有限公司"
"56","苗昌成","230825196807259456","男","浙江省金华市同富有限公司"
"57","柏保","310723196905037370","男","浙江省台州市长隆有限公司"
"58","齐静淑","630615196809098300","女","浙江省舟山市 东弘有限公司"
"59","苗坚和","310117196310215612","男","浙江省温州市久多有限公司"
"60","冯嘉","350619196612259026","女","浙江省舟山市 德祥有限公司"
"61","萧策腾","110214199906244675","男","浙江省嘉兴市盛欣有限公司"
"62","钱伟刚","630325197911269207","女","浙江省衢州市皇贵有限公司"
"63","魏楠榕","211121197905289949","女","浙江省温州市耀顺有限公司"
"64","章旭","641007199805209507","女","浙江省丽水市利如有限公司"
"65","章力","330513199310112816","男","浙江省宁波市广安有限公司"
"66","苏育","641717196004067092","男","浙江省宁波市吉如有限公司"
"67","卜林有","511014199204054382","女","浙江省台州市隆高有限公司"
"68","花元全","220812197509186191","男","浙江省宁波市德高有限公司"
"69","曹哲","630723196811059806","女","浙江省绍兴市洪仁有限公司"
"70","费学祥","120502198110264068","女","浙江省丽水市同富有限公司"
"71","雷民","321326199607128165","女","浙江省台州市盛欣有限公司"
"72","孔康星","610412199607187905","女","浙江省宁波市同福有限公司"
"73","时华","331109196101158690","男","浙江省绍兴市春信有限公司"
"74","蒋健世","150728197701135839","男","浙江省绍兴市德祥有限公司"
"75","戴乐","460427199903229268","女","浙江省绍兴市春信有限公司"
"76","舒顺","521025197303086668","女","浙江省嘉兴市春信有限公司"
"77","曹纯毓","511123199101249577","男","浙江省杭州市飞庆有限公司"
"78","穆绍功","361416197210051886","女","浙江省杭州市公盈有限公司"
"79","邵平保","151326196404097155","男","浙江省湖州市公盈有限公司"
"80","凤义兴","310121199104161692","男","浙江省衢州市耀顺有限公司"
"81","郎琴","341418197312072837","男","浙江省金华市广安有限公司"
"82","陶思","230515197112257793","男","浙江省杭州市万鼎有限公司"
"83","谢昌成","411620197306083997","男","浙江省金华市昌益有限公司"
"84","罗纯毓","510815197101044395","男","浙江省嘉兴市瑞丰有限公司"
"85","魏亮","421008199903049925","女","浙江省台州市万康有限公司"
"86","殷希","341527199303299323","女","浙江省舟山市 隆安有限公司"
"87","项友裕","310227198306127456","男","浙江省湖州市元优有限公司"
"88","成瑶","620206196610181717","男","浙江省衢州市元正有限公司"
"89","平天","520915196708286925","女","浙江省宁波市皇贵有限公司"
"90","姚祥","431315197108229881","女","浙江省杭州市久多有限公司"
"91","姜超","361221199707182269","女","浙江省衢州市长福有限公司"
"92","蒋祥","430225198802081618","男","浙江省舟山市 隆安有限公司"
"93","闵茗","321303197405232974","男","浙江省衢州市正禄如通有限公司"
"94","米杰涛","460514196208243695","男","浙江省湖州市隆安有限公司"
"95","马园艺","710419197304137496","男","浙江省金华市贵丰有限公司"
"96","齐淑","420321196603235432","男","浙江省台州市贵丰有限公司"
"97","祁冠","341621197611188845","女","浙江省杭州市隆安有限公司"
"98","鲁琳素","710408197612094715","男","浙江省衢州市伟荣有限公司"
"99","韩德","211825197309168811","男","浙江省嘉兴市万康有限公司"
"100","陶轮翰","341012196111234279","男","浙江省舟山市 隆安有限公司"
"101","湛芬芳","621226199809172731","男","浙江省丽水市巨久有限公司"
"102","滕文","340223198902073951","男","浙江省台州市同福有限公司"
"103","沈广志","810825198608123002","女","浙江省杭州市元优有限公司"
"104","卫若鸣","421509199704223362","女","浙江省湖州市东弘有限公司"
"105","彭菊","411023199607055798","男","浙江省绍兴市隆高有限公司"
"106","姚强军","620614199612018042","女","浙江省衢州市东昌有限公司"
"107","施翰","151810198806055851","男","浙江省金华市公盈有限公司"
"108","齐伦","511406198608147469","女","浙江省舟山市 广安有限公司"
"109","凤国胜","440524199210291267","女","浙江省杭州市伟复有限公司"
"110","毕邦","650514197311193145","女","浙江省杭州市德祥有限公司"
"111","曹融","210505199307156486","女","浙江省衢州市久协有限公司"
"112","邬锦黛","131010196612183684","女","浙江省嘉兴市巨久有限公司"
"113","陶欣","230427198210214483","女","浙江省湖州市盛欣有限公司"
"114","凤邦","231408197602177515","男","浙江省嘉兴市广安有限公司"
"115","舒悦昭","130514199204204023","女","浙江省丽水市皇贵有限公司"
"116","赵胜","220508196305043412","男","浙江省宁波市久多有限公司"
"117","姚龙","221101199905162503","女","浙江省衢州市耀顺有限公司"
"118","孙良海","321127197710144942","女","浙江省台州市吉如有限公司"
"119","萧栋","151125198510195116","男","浙江省金华市乾美有限公司"
"120","郝娜","121005197612292163","女","浙江省丽水市同福有限公司"
"121","郎琦","620115199702187736","男","浙江省舟山市 飞庆有限公司"
"122","俞希","640619197902288622","女","浙江省温州市乾广有限公司"
"123","殷成","140421196701067494","男","浙江省湖州市隆安有限公司"
"124","俞良海","310507199806027335","男","浙江省宁波市乾广有限公司"
"125","韩晓","540207199208139964","女","浙江省台州市长福有限公司"
"126","卫飘育","410614196203304390","男","浙江省台州市春信有限公司"
"127","邵婵","370917198310021639","男","浙江省台州市华飞有限公司"
"128","祝霞香","120321197712304361","女","浙江省嘉兴市洪仁有限公司"
"129","酆震","441323199605276350","男","浙江省宁波市瑞丰有限公司"
"130","郝嘉","150812199203122396","男","浙江省湖州市东弘有限公司"
"131","姜伯","530706196812243850","男","浙江省湖州市利如有限公司"
"132","华英华","131710197912232830","男","浙江省舟山市 欣丰有限公司"
"133","卜成","320209198901131009","女","浙江省湖州市长福有限公司"
"134","黄辉力","360224197111196030","男","浙江省杭州市乾美有限公司"
"135","袁轮翰","450622198209129416","男","浙江省金华市多乾有限公司"
"136","秦君琴","460804197907218376","男","浙江省杭州市同福有限公司"
"137","彭梦","531525197712023249","女","浙江省嘉兴市德高有限公司"
"138","范河哲","220415198808173185","女","浙江省杭州市洪亚有限公司"
"139","袁福","131608199102205029","女","浙江省绍兴市隆高有限公司"
"140","臧士以","631616197807228067","女","浙江省嘉兴市吉如有限公司"
"141","范楠榕","321612198905139067","女","浙江省舟山市 盛欣有限公司"
"142","蓝云莲","341403199106016626","女","浙江省杭州市东昌有限公司"
"143","李宏言","310226199711179111","男","浙江省台州市伟荣有限公司"
"144","平嘉","710221196810035914","男","浙江省丽水市东昌有限公司"
"145","毛裕","120922196912047993","男","浙江省台州市盛欣有限公司"
"146","褚姬舒","540803197308071913","男","浙江省绍兴市德祥有限公司"
"147","卫婷姣","461310197412302033","男","浙江省杭州市隆安有限公司"
"148","戚超","331009198206257611","男","浙江省丽水市广安有限公司"
"149","廉澜","540102199210108317","男","浙江省杭州市乾美有限公司"
"150","邹冠","521625196207058191","男","浙江省丽水市长隆有限公司"
"151","殷卿","330922198801309562","女","浙江省杭州市万鼎有限公司"
"152","贝欣","531709196010262062","女","浙江省绍兴市皇贵有限公司"
"153","喻腾","811207197308306698","男","浙江省金华市久协有限公司"
"154","祝苑","450921198901238300","女","浙江省温州市同富有限公司"
"155","邬昭","611712198007168076","男","浙江省金华市聚兴有限公司"
"156","祁哲","651601196404025158","男","浙江省绍兴市华飞有限公司"
"157","钱永","330701197203079484","女","浙江省宁波市洪仁有限公司"
"158","鲁群豪","341708196103159636","男","浙江省温州市长隆有限公司"
"159","安彬","641714196110041492","男","浙江省台州市巨久有限公司"
"160","罗勤","520113197707082839","男","浙江省丽水市公盈有限公司"
"161","何世","440817196212248223","女","浙江省绍兴市华飞有限公司"
"162","孟涛","370616198006259411","男","浙江省衢州市伟复有限公司"
"163","黄超","450206199610034484","女","浙江省衢州市伟荣有限公司"
"164","严栋","231825199701027980","女","浙江省湖州市德祥有限公司"
"165","薛兴","310602196910209900","女","浙江省温州市飞庆有限公司"
"166","雷飘育","120518197704228433","男","浙江省嘉兴市利如有限公司"
"167","唐露瑶","611322197412254854","男","浙江省嘉兴市东弘有限公司"
"168","谈士以","540824196901089180","女","浙江省杭州市德高有限公司"
"169","卞飘育","630204199801068453","男","浙江省丽水市辉圣有限公司"
"170","计倩","810226197708167057","男","浙江省温州市同福有限公司"
"171","朱荣","351607199903165244","女","浙江省金华市乾美有限公司"
"172","蒋强军","461613197108154606","女","浙江省绍兴市伟复有限公司"
"173","王诚先","331813196702109044","女","浙江省绍兴市春谦有限公司"
"174","俞钧冠","540112199005168416","男","浙江省丽水市元优有限公司"
"175","费泽","120925196708153803","女","浙江省温州市久协有限公司"
"176","黄凤","151221198711202005","女","浙江省温州市吉如有限公司"
"177","苏致树","220203199312314403","女","浙江省湖州市春信有限公司"
"178","窦轮翰","360123199701063331","男","浙江省绍兴市合亨有限公司"
"179","祁新","511801196303157169","女","浙江省杭州市长隆有限公司"
"180","常亨奇","150417197909099160","女","浙江省丽水市万鼎有限公司"
"181","马生龙","361121196807293409","女","浙江省绍兴市利如有限公司"
"182","任亚","370502199809275636","男","浙江省衢州市东昌有限公司"
"183","卫梁栋","410910196706137964","女","浙江省湖州市欣丰有限公司"
"184","孟心邦","130726196412104844","女","浙江省湖州市乾广有限公司"
"185","苏琦","641019199907016399","男","浙江省台州市昌益有限公司"
"186","明成","540508198310166830","男","浙江省嘉兴市巨久有限公司"
"187","伍邦","320206197804249560","女","浙江省湖州市元优有限公司"
"188","柳中","501708197311241604","女","浙江省金华市久协有限公司"
"189","湛姣","461727199307146304","女","浙江省金华市公盈有限公司"
"190","柏青倩","210802197205052602","女","浙江省杭州市乾美有限公司"
"191","贺栋","421621199107026103","女","浙江省湖州市广安有限公司"
"192","孔浩亮","520408196501266837","男","浙江省丽水市乾广有限公司"
"193","元红","541527196009291879","男","浙江省绍兴市元正有限公司"
"194","陈芳","520910199701293221","女","浙江省杭州市公盈有限公司"
"195","湛超","111621198510303191","男","浙江省台州市吉如有限公司"
"196","米婵","511317196212217732","男","浙江省台州市隆安有限公司"
"197","于婵","631411196901061178","男","浙江省衢州市乾美有限公司"
"198","酆宜可","811615199309204536","男","浙江省湖州市久多有限公司"
"199","安克伦","110720198210165440","女","浙江省金华市元正有限公司"
"200","戚涛","230618197703079093","男","浙江省丽水市贵丰有限公司"
